priority,url_kind,recommended_action,url,canonical_slug,article_word_count,bing_document_size,bing_impressions,gsc_impressions,gsc_position,rationale
P1,article,keep_review_for_content_depth,https://www.daily-life-hacks.com/high-fiber-fast-food-options-guide/,high-fiber-fast-food-options-guide,802,,,333,15.01,Canonical article exists with non-thin body; review only if search opportunity justifies it.
P1,article,keep_review_for_content_depth,https://www.daily-life-hacks.com/how-to-store-homemade-salad-dressing-safely/,how-to-store-homemade-salad-dressing-safely,830,,,173,12.13,Canonical article exists with non-thin body; review only if search opportunity justifies it.
P1,article,keep_review_for_content_depth,https://www.daily-life-hacks.com/cooking-oils-smoke-points-best-uses/,cooking-oils-smoke-points-best-uses,695,,,167,75.2,Canonical article exists with non-thin body; review only if search opportunity justifies it.
P1,article,keep_review_for_content_depth,https://www.daily-life-hacks.com/how-to-double-recipe-seasoning-without-guessing/,how-to-double-recipe-seasoning-without-guessing,727,,,148,6.91,Canonical article exists with non-thin body; review only if search opportunity justifies it.
P1,article,keep_review_for_content_depth,https://www.daily-life-hacks.com/high-fiber-bran-muffins-that-taste-good/,high-fiber-bran-muffins-that-taste-good,699,,,134,66.22,Canonical article exists with non-thin body; review only if search opportunity justifies it.
P1,article,validate_current_301_to_canonical_url,https://www.daily-life-hacks.com/high-fiber-fast-food-options-guide,high-fiber-fast-food-options-guide,802,,,116,10.28,Article exists at a non-canonical URL shape; current router policy should 301 to www/trailing-slash.
P1,article,keep_review_for_content_depth,https://www.daily-life-hacks.com/selenium-containing-foods-easy-ways/,selenium-containing-foods-easy-ways,780,,,114,57.98,Canonical article exists with non-thin body; review only if search opportunity justifies it.
P1,article,keep_review_for_content_depth,https://www.daily-life-hacks.com/prebiotic-foods-beyond-the-buzzwords/,prebiotic-foods-beyond-the-buzzwords,802,,,109,10.67,Canonical article exists with non-thin body; review only if search opportunity justifies it.
P1,article,keep_review_for_content_depth,https://www.daily-life-hacks.com/comparing-fiber-content-different-pizza-crusts/,comparing-fiber-content-different-pizza-crusts,818,,,87,7.05,Canonical article exists with non-thin body; review only if search opportunity justifies it.
P1,article,keep_review_for_content_depth,https://www.daily-life-hacks.com/good-source-of-fiber-label-meaning/,good-source-of-fiber-label-meaning,804,,,79,7.39,Canonical article exists with non-thin body; review only if search opportunity justifies it.
P1,article,keep_review_for_content_depth,https://www.daily-life-hacks.com/healthy-alternatives-potato-chips-snacking/,healthy-alternatives-potato-chips-snacking,862,,,70,60.87,Canonical article exists with non-thin body; review only if search opportunity justifies it.
P1,article,validate_current_301_to_canonical_url,https://daily-life-hacks.com/how-to-revive-wilted-lettuce-and-greens,how-to-revive-wilted-lettuce-and-greens,705,0,61,,,Article exists at a non-canonical URL shape; current router policy should 301 to www/trailing-slash.
P1,article,keep_review_for_content_depth,https://www.daily-life-hacks.com/best-low-cost-protein-sources-large-families/,best-low-cost-protein-sources-large-families,874,,,56,7.66,Canonical article exists with non-thin body; review only if search opportunity justifies it.
P1,article,keep_review_for_content_depth,https://www.daily-life-hacks.com/gut-health-tea-peppermint-ginger/,gut-health-tea-peppermint-ginger,838,,,54,9.57,Canonical article exists with non-thin body; review only if search opportunity justifies it.
P1,legacy_redirect,validate_legacy_301_target,https://www.daily-life-hacks.com/sourdough-discard-nutrition-facts-health-benefits/,easy-sourdough-discard-recipes-beginners,734,,,45,8.62,Legacy URL has a permanent redirect rule; verify live 301 and request validation if it appears in GSC.
P1,article,keep_review_for_content_depth,https://www.daily-life-hacks.com/popcorn-vs-potato-chips-fiber-comparison/,popcorn-vs-potato-chips-fiber-comparison,815,,,40,8.57,Canonical article exists with non-thin body; review only if search opportunity justifies it.
P1,legacy_redirect,validate_legacy_301_target,https://www.daily-life-hacks.com/rotisserie-chicken-nutrition-facts-sodium-content/,costco-rotisserie-chicken-meal-ideas-dinner,728,,,38,12.05,Legacy URL has a permanent redirect rule; verify live 301 and request validation if it appears in GSC.
P1,article,validate_current_301_to_canonical_url,https://www.daily-life-hacks.com/best-low-cost-protein-sources-large-families,best-low-cost-protein-sources-large-families,874,,,28,22.29,Article exists at a non-canonical URL shape; current router policy should 301 to www/trailing-slash.
P1,article,keep_review_for_content_depth,https://www.daily-life-hacks.com/how-to-keep-sandwiches-from-getting-soggy/,how-to-keep-sandwiches-from-getting-soggy,869,,,27,20.07,Canonical article exists with non-thin body; review only if search opportunity justifies it.
P1,article,validate_current_301_to_canonical_url,https://daily-life-hacks.com/prune-juice-alternatives-for-constipation,prune-juice-alternatives-for-constipation,803,0,26,,,Article exists at a non-canonical URL shape; current router policy should 301 to www/trailing-slash.
P1,article,keep_review_for_content_depth,https://www.daily-life-hacks.com/high-fiber-yogurt-parfait-for-breakfast/,high-fiber-yogurt-parfait-for-breakfast,822,,,25,37.0,Canonical article exists with non-thin body; review only if search opportunity justifies it.
P1,article,keep_review_for_content_depth,https://www.daily-life-hacks.com/protein-per-serving-beans-chicken-tofu-compared/,protein-per-serving-beans-chicken-tofu-compared,803,,,24,20.75,Canonical article exists with non-thin body; review only if search opportunity justifies it.
P1,article,validate_current_301_to_canonical_url,https://www.daily-life-hacks.com/cheap-crockpot-meals-large-families,cheap-crockpot-meals-large-families,783,,,23,44.61,Article exists at a non-canonical URL shape; current router policy should 301 to www/trailing-slash.
P1,article,validate_current_301_to_canonical_url,https://www.daily-life-hacks.com/how-to-double-recipe-seasoning-without-guessing,how-to-double-recipe-seasoning-without-guessing,727,,,21,9.0,Article exists at a non-canonical URL shape; current router policy should 301 to www/trailing-slash.
P1,article,validate_current_301_to_canonical_url,https://www.daily-life-hacks.com/baking-sheet-liners-parchment-silicone-when-to-use,baking-sheet-liners-parchment-silicone-when-to-use,767,,,20,27.05,Article exists at a non-canonical URL shape; current router policy should 301 to www/trailing-slash.
P1,article,keep_review_for_content_depth,https://www.daily-life-hacks.com/prune-juice-alternatives-for-constipation/,prune-juice-alternatives-for-constipation,803,,,20,4.3,Canonical article exists with non-thin body; review only if search opportunity justifies it.
P1,article,keep_review_for_content_depth,https://www.daily-life-hacks.com/how-to-quick-soak-dried-beans-same-day/,how-to-quick-soak-dried-beans-same-day,796,,,18,77.5,Canonical article exists with non-thin body; review only if search opportunity justifies it.
P1,article,validate_current_301_to_canonical_url,https://daily-life-hacks.com/split-pea-soup-recipe-high-fiber,split-pea-soup-recipe-high-fiber,693,69120,17,,,Article exists at a non-canonical URL shape; current router policy should 301 to www/trailing-slash.
P1,article,keep_review_for_content_depth,https://www.daily-life-hacks.com/how-to-preheat-skillet-even-browning/,how-to-preheat-skillet-even-browning,732,,,17,15.12,Canonical article exists with non-thin body; review only if search opportunity justifies it.
P1,article,keep_review_for_content_depth,https://www.daily-life-hacks.com/sheet-pan-salmon-and-vegetables-30-minutes/,sheet-pan-salmon-and-vegetables-30-minutes,706,,,17,6.88,Canonical article exists with non-thin body; review only if search opportunity justifies it.
P1,article,keep_review_for_content_depth,https://www.daily-life-hacks.com/high-fiber-pizza-crust-cauliflower/,high-fiber-pizza-crust-cauliflower,813,,,16,7.5,Canonical article exists with non-thin body; review only if search opportunity justifies it.
P1,article,keep_review_for_content_depth,https://www.daily-life-hacks.com/baking-sheet-liners-parchment-silicone-when-to-use/,baking-sheet-liners-parchment-silicone-when-to-use,767,,,15,17.73,Canonical article exists with non-thin body; review only if search opportunity justifies it.
P1,article,keep_review_for_content_depth,https://www.daily-life-hacks.com/best-breakfast-foods-for-sustained-energy/,best-breakfast-foods-for-sustained-energy,698,,,15,71.4,Canonical article exists with non-thin body; review only if search opportunity justifies it.
P1,article,keep_review_for_content_depth,https://www.daily-life-hacks.com/oatmeal-vs-grits-fiber-content/,oatmeal-vs-grits-fiber-content,782,,,15,24.33,Canonical article exists with non-thin body; review only if search opportunity justifies it.
P1,article,keep_review_for_content_depth,https://www.daily-life-hacks.com/keep-berries-fresh-longer-when-to-wash/,keep-berries-fresh-longer-when-to-wash,732,,,14,23.93,Canonical article exists with non-thin body; review only if search opportunity justifies it.
P1,legacy_redirect,validate_legacy_301_target,https://www.daily-life-hacks.com/oatmeal-vs-grits-fiber-content-guide/,oatmeal-vs-grits-fiber-content,782,,,14,23.14,Legacy URL has a permanent redirect rule; verify live 301 and request validation if it appears in GSC.
P1,article,validate_current_301_to_canonical_url,https://www.daily-life-hacks.com/prebiotic-foods-beyond-the-buzzwords,prebiotic-foods-beyond-the-buzzwords,802,,,11,10.27,Article exists at a non-canonical URL shape; current router policy should 301 to www/trailing-slash.
P1,article,keep_review_for_content_depth,https://www.daily-life-hacks.com/big-flavor-less-salt-citrus-herbs-umami-swaps/,big-flavor-less-salt-citrus-herbs-umami-swaps,712,,,10,8.8,Canonical article exists with non-thin body; review only if search opportunity justifies it.
P1,article,keep_review_for_content_depth,https://www.daily-life-hacks.com/chia-pudding-variations-for-breakfast/,chia-pudding-variations-for-breakfast,830,,,10,11.0,Canonical article exists with non-thin body; review only if search opportunity justifies it.
P1,article,keep_review_for_content_depth,https://www.daily-life-hacks.com/savory-chia-seed-recipes-breakfast/,savory-chia-seed-recipes-breakfast,769,,,9,41.22,Canonical article exists with non-thin body; review only if search opportunity justifies it.
P1,article,keep_review_for_content_depth,https://www.daily-life-hacks.com/whole-wheat-vs-white-pasta-fiber/,whole-wheat-vs-white-pasta-fiber,800,,,8,42.12,Canonical article exists with non-thin body; review only if search opportunity justifies it.
P1,article,keep_review_for_content_depth,https://www.daily-life-hacks.com/how-much-protein-in-bagel-sandwich/,how-much-protein-in-bagel-sandwich,834,,,7,9.57,Canonical article exists with non-thin body; review only if search opportunity justifies it.
P1,article,keep_review_for_content_depth,https://www.daily-life-hacks.com/aldi-shopping-hacks-large-family-meals/,aldi-shopping-hacks-large-family-meals,846,,,6,38.0,Canonical article exists with non-thin body; review only if search opportunity justifies it.
P1,article,keep_review_for_content_depth,https://www.daily-life-hacks.com/hidden-sugars-popular-summer-salad-dressings/,hidden-sugars-popular-summer-salad-dressings,826,,,6,17.33,Canonical article exists with non-thin body; review only if search opportunity justifies it.
P1,article,keep_review_for_content_depth,https://www.daily-life-hacks.com/high-fiber-pasta-alternatives/,high-fiber-pasta-alternatives,839,,,6,7.0,Canonical article exists with non-thin body; review only if search opportunity justifies it.
P1,article,keep_review_for_content_depth,https://www.daily-life-hacks.com/how-to-pack-lunch-crisp-sandwiches-salads/,how-to-pack-lunch-crisp-sandwiches-salads,807,,,6,37.83,Canonical article exists with non-thin body; review only if search opportunity justifies it.
P1,article,keep_review_for_content_depth,https://www.daily-life-hacks.com/cheap-crockpot-meals-large-families/,cheap-crockpot-meals-large-families,783,,,5,59.0,Canonical article exists with non-thin body; review only if search opportunity justifies it.
P1,article,keep_review_for_content_depth,https://www.daily-life-hacks.com/fiber-rich-soup-for-weight-loss-cabbage/,fiber-rich-soup-for-weight-loss-cabbage,726,,,5,6.6,Canonical article exists with non-thin body; review only if search opportunity justifies it.
P1,article,keep_review_for_content_depth,https://www.daily-life-hacks.com/freezer-inventory-simple-system/,freezer-inventory-simple-system,751,,,5,3.0,Canonical article exists with non-thin body; review only if search opportunity justifies it.
P1,article,keep_review_for_content_depth,https://www.daily-life-hacks.com/gut-friendly-high-fiber-smoothies-for-daily-wellness/,gut-friendly-high-fiber-smoothies-for-daily-wellness,803,,,5,41.8,Canonical article exists with non-thin body; review only if search opportunity justifies it.
P1,article,keep_review_for_content_depth,https://www.daily-life-hacks.com/gluten-free-sourdough-discard-pizza-dough/,gluten-free-sourdough-discard-pizza-dough,714,,,4,10.0,Canonical article exists with non-thin body; review only if search opportunity justifies it.
P1,article,keep_review_for_content_depth,https://www.daily-life-hacks.com/healthy-egg-sandwich-add-ins-toppings/,healthy-egg-sandwich-add-ins-toppings,736,,,4,19.25,Canonical article exists with non-thin body; review only if search opportunity justifies it.
P1,article,keep_review_for_content_depth,https://www.daily-life-hacks.com/healthy-homemade-dumpling-wrapper-recipe/,healthy-homemade-dumpling-wrapper-recipe,710,,,4,56.75,Canonical article exists with non-thin body; review only if search opportunity justifies it.
P1,article,keep_review_for_content_depth,https://www.daily-life-hacks.com/how-to-pack-salad-for-work-not-soggy/,how-to-pack-salad-for-work-not-soggy,883,,,4,7.5,Canonical article exists with non-thin body; review only if search opportunity justifies it.
P1,article,keep_review_for_content_depth,https://www.daily-life-hacks.com/how-to-revive-wilted-lettuce-and-greens/,how-to-revive-wilted-lettuce-and-greens,705,,,4,28.25,Canonical article exists with non-thin body; review only if search opportunity justifies it.
P1,alias,confirm_noindex_and_canonical_target,https://www.daily-life-hacks.com/tips-feeding-picky-eaters-on-budget/,high-fiber-smoothies-for-kids-picky-eaters,826,,,4,4.75,"URL is an alias, router variant, tag, or utility-style page; it should not compete as a separate indexable page."
P1,alias,confirm_noindex_and_canonical_target,https://daily-life-hacks.com/30-day-high-fiber-challenge-meal-plan-guide,30-day-high-fiber-challenge-meal-plan,752,74406,3,,,"URL is an alias, router variant, tag, or utility-style page; it should not compete as a separate indexable page."
P1,alias,confirm_noindex_and_canonical_target,https://daily-life-hacks.com/how-to-revive-wilted-salad-greens,how-to-revive-wilted-lettuce-and-greens,705,72772,3,,,"URL is an alias, router variant, tag, or utility-style page; it should not compete as a separate indexable page."
P1,article,keep_review_for_content_depth,https://www.daily-life-hacks.com/add-flavor-without-more-sugar-tricks/,add-flavor-without-more-sugar-tricks,794,,,3,5.67,Canonical article exists with non-thin body; review only if search opportunity justifies it.
P1,article,keep_review_for_content_depth,https://www.daily-life-hacks.com/black-bean-brownies-hidden-fiber-dessert/,black-bean-brownies-hidden-fiber-dessert,695,,,3,67.0,Canonical article exists with non-thin body; review only if search opportunity justifies it.
P1,article,keep_review_for_content_depth,https://www.daily-life-hacks.com/costco-rotisserie-chicken-meal-ideas-dinner/,costco-rotisserie-chicken-meal-ideas-dinner,728,,,3,10.0,Canonical article exists with non-thin body; review only if search opportunity justifies it.
P1,article,keep_review_for_content_depth,https://www.daily-life-hacks.com/easy-one-pot-chicken-and-rice-dinner/,easy-one-pot-chicken-and-rice-dinner,706,,,3,90.67,Canonical article exists with non-thin body; review only if search opportunity justifies it.
P1,article,keep_review_for_content_depth,https://www.daily-life-hacks.com/high-fiber-smoothies-for-kids-picky-eaters/,high-fiber-smoothies-for-kids-picky-eaters,826,,,3,6.67,Canonical article exists with non-thin body; review only if search opportunity justifies it.
P1,article,keep_review_for_content_depth,https://www.daily-life-hacks.com/how-to-stretch-meals-large-families/,how-to-stretch-meals-large-families,807,,,3,4.0,Canonical article exists with non-thin body; review only if search opportunity justifies it.
P1,article,keep_review_for_content_depth,https://www.daily-life-hacks.com/no-bake-high-fiber-energy-balls-recipe/,no-bake-high-fiber-energy-balls-recipe,787,,,3,84.33,Canonical article exists with non-thin body; review only if search opportunity justifies it.
P1,article,keep_review_for_content_depth,https://www.daily-life-hacks.com/plan-week-of-dinners-fewer-grocery-runs/,plan-week-of-dinners-fewer-grocery-runs,755,,,3,2.67,Canonical article exists with non-thin body; review only if search opportunity justifies it.
P1,alias,confirm_noindex_and_canonical_target,https://daily-life-hacks.com/is-whole-wheat-pasta-better-than-white,whole-wheat-vs-white-pasta-fiber,800,0,2,,,"URL is an alias, router variant, tag, or utility-style page; it should not compete as a separate indexable page."
P1,alias,confirm_noindex_and_canonical_target,https://daily-life-hacks.com/whole-wheat-vs-regular-pasta-fiber,whole-wheat-vs-white-pasta-fiber,800,74401,2,,,"URL is an alias, router variant, tag, or utility-style page; it should not compete as a separate indexable page."
P1,article,keep_review_for_content_depth,https://www.daily-life-hacks.com/air-fryer-salmon-bites-garlic-honey-glaze/,air-fryer-salmon-bites-garlic-honey-glaze,651,,,2,77.0,Canonical article exists with non-thin body; review only if search opportunity justifies it.
P1,router_variant,confirm_noindex_and_canonical_target,https://www.daily-life-hacks.com/baking-sheet-liners-parchment-silicone-when-to-use-v5/,baking-sheet-liners-parchment-silicone-when-to-use,767,,,2,31.5,"URL is an alias, router variant, tag, or utility-style page; it should not compete as a separate indexable page."
P1,article,keep_review_for_content_depth,https://www.daily-life-hacks.com/cutting-board-basics-which-to-use/,cutting-board-basics-which-to-use,739,,,2,37.5,Canonical article exists with non-thin body; review only if search opportunity justifies it.
P1,article,keep_review_for_content_depth,https://www.daily-life-hacks.com/high-protein-vs-high-fiber-satiety/,high-protein-vs-high-fiber-satiety,872,,,2,5.5,Canonical article exists with non-thin body; review only if search opportunity justifies it.
P1,router_variant,confirm_noindex_and_canonical_target,https://www.daily-life-hacks.com/lentil-curry-high-fiber-vegan-dinner-v4/,lentil-curry-high-fiber-vegan-dinner,841,,,2,18.0,"URL is an alias, router variant, tag, or utility-style page; it should not compete as a separate indexable page."
P1,article,keep_review_for_content_depth,https://www.daily-life-hacks.com/lentil-curry-high-fiber-vegan-dinner/,lentil-curry-high-fiber-vegan-dinner,841,,,2,62.0,Canonical article exists with non-thin body; review only if search opportunity justifies it.
P1,tag,confirm_noindex_and_canonical_target,https://www.daily-life-hacks.com/tag/healthy-egg-sandwich,tag,,,,2,56.5,"URL is an alias, router variant, tag, or utility-style page; it should not compete as a separate indexable page."
P1,tag,confirm_noindex_and_canonical_target,https://www.daily-life-hacks.com/tag/summer,tag,,,,2,3.5,"URL is an alias, router variant, tag, or utility-style page; it should not compete as a separate indexable page."
P1,tag,confirm_noindex_and_canonical_target,https://www.daily-life-hacks.com/tag/toppings/,tag,,,,2,4.5,"URL is an alias, router variant, tag, or utility-style page; it should not compete as a separate indexable page."
P1,article,keep_review_for_content_depth,https://www.daily-life-hacks.com/vegan-high-fiber-meal-prep-for-week/,vegan-high-fiber-meal-prep-for-week,823,,,2,7.0,Canonical article exists with non-thin body; review only if search opportunity justifies it.
P1,router_variant,confirm_noindex_and_canonical_target,https://daily-life-hacks.com/high-fiber-gluten-free-bread-recipe-v2,high-fiber-gluten-free-bread-recipe,798,67325,1,,,"URL is an alias, router variant, tag, or utility-style page; it should not compete as a separate indexable page."
P1,alias,confirm_noindex_and_canonical_target,https://daily-life-hacks.com/high-fiber-smoothies-for-kids-picky-eaters-guide,high-fiber-smoothies-for-kids-picky-eaters,826,68003,1,,,"URL is an alias, router variant, tag, or utility-style page; it should not compete as a separate indexable page."
P1,alias,confirm_noindex_and_canonical_target,https://daily-life-hacks.com/how-to-properly-store-fruits-and-vegetables-in-the-fridge,how-to-store-fruits-and-vegetables-properly,711,74278,1,,,"URL is an alias, router variant, tag, or utility-style page; it should not compete as a separate indexable page."
P1,alias,confirm_noindex_and_canonical_target,https://daily-life-hacks.com/nutritional-benefits-cold-pasta-salad-resistant-starch,easy-cold-summer-pasta-salad-potlucks,655,74990,1,,,"URL is an alias, router variant, tag, or utility-style page; it should not compete as a separate indexable page."
P1,alias,confirm_noindex_and_canonical_target,https://daily-life-hacks.com/whats-the-best-way-to-freeze-bananas-for-smoothies,how-to-freeze-bananas-for-smoothies,731,73487,1,,,"URL is an alias, router variant, tag, or utility-style page; it should not compete as a separate indexable page."
P1,article,keep_review_for_content_depth,https://www.daily-life-hacks.com/cucumber-edamame-salad-sesame/,cucumber-edamame-salad-sesame,670,,,1,91.0,Canonical article exists with non-thin body; review only if search opportunity justifies it.
P1,utility,confirm_noindex_and_canonical_target,https://www.daily-life-hacks.com/disclaimer/,disclaimer,,,,1,2.0,"URL is an alias, router variant, tag, or utility-style page; it should not compete as a separate indexable page."
P1,article,keep_review_for_content_depth,https://www.daily-life-hacks.com/easy-cold-summer-pasta-salad-potlucks/,easy-cold-summer-pasta-salad-potlucks,655,,,1,88.0,Canonical article exists with non-thin body; review only if search opportunity justifies it.
P1,article,keep_review_for_content_depth,https://www.daily-life-hacks.com/freezer-organization-tips-large-family-meals/,freezer-organization-tips-large-family-meals,839,,,1,4.0,Canonical article exists with non-thin body; review only if search opportunity justifies it.
P1,article,keep_review_for_content_depth,https://www.daily-life-hacks.com/grab-and-go-fridge-snack-drawer/,grab-and-go-fridge-snack-drawer,707,,,1,44.0,Canonical article exists with non-thin body; review only if search opportunity justifies it.
P1,article,keep_review_for_content_depth,https://www.daily-life-hacks.com/high-fiber-gluten-free-bread-recipe/,high-fiber-gluten-free-bread-recipe,798,,,1,4.0,Canonical article exists with non-thin body; review only if search opportunity justifies it.
P1,article,keep_review_for_content_depth,https://www.daily-life-hacks.com/high-fiber-hummus-recipe-homemade/,high-fiber-hummus-recipe-homemade,794,,,1,10.0,Canonical article exists with non-thin body; review only if search opportunity justifies it.
P1,article,keep_review_for_content_depth,https://www.daily-life-hacks.com/high-fiber-raspberry-jam-recipe-chia/,high-fiber-raspberry-jam-recipe-chia,711,,,1,10.0,Canonical article exists with non-thin body; review only if search opportunity justifies it.
P1,article,keep_review_for_content_depth,https://www.daily-life-hacks.com/high-fiber-salad-dressings-homemade/,high-fiber-salad-dressings-homemade,745,,,1,2.0,Canonical article exists with non-thin body; review only if search opportunity justifies it.
P1,tag,confirm_noindex_and_canonical_target,https://www.daily-life-hacks.com/tag/black/,tag,,,,1,5.0,"URL is an alias, router variant, tag, or utility-style page; it should not compete as a separate indexable page."
P1,tag,confirm_noindex_and_canonical_target,https://www.daily-life-hacks.com/tag/dressings/,tag,,,,1,8.0,"URL is an alias, router variant, tag, or utility-style page; it should not compete as a separate indexable page."
P1,tag,confirm_noindex_and_canonical_target,https://www.daily-life-hacks.com/tag/freezer,tag,,,,1,5.0,"URL is an alias, router variant, tag, or utility-style page; it should not compete as a separate indexable page."
P1,tag,confirm_noindex_and_canonical_target,https://www.daily-life-hacks.com/tag/freezer/,tag,,,,1,6.0,"URL is an alias, router variant, tag, or utility-style page; it should not compete as a separate indexable page."
P1,tag,confirm_noindex_and_canonical_target,https://www.daily-life-hacks.com/tag/hidden,tag,,,,1,10.0,"URL is an alias, router variant, tag, or utility-style page; it should not compete as a separate indexable page."
P1,tag,confirm_noindex_and_canonical_target,https://www.daily-life-hacks.com/tag/meals-large/,tag,,,,1,7.0,"URL is an alias, router variant, tag, or utility-style page; it should not compete as a separate indexable page."
P1,tag,confirm_noindex_and_canonical_target,https://www.daily-life-hacks.com/tag/vegetables/,tag,,,,1,4.0,"URL is an alias, router variant, tag, or utility-style page; it should not compete as a separate indexable page."
P1,utility,confirm_noindex_and_canonical_target,https://www.daily-life-hacks.com/terms/,terms,,,,1,3.0,"URL is an alias, router variant, tag, or utility-style page; it should not compete as a separate indexable page."
P1,alias,confirm_noindex_and_canonical_target,https://www.daily-life-hacks.com/vegan-high-fiber-meal-prep-for-week-guide/,vegan-high-fiber-meal-prep-for-week,823,,,1,20.0,"URL is an alias, router variant, tag, or utility-style page; it should not compete as a separate indexable page."
P1,alias,confirm_noindex_and_canonical_target,https://daily-life-hacks.com/30-day-high-fiber-challenge-meal-plan-tips,30-day-high-fiber-challenge-meal-plan,752,0,0,,,"URL is an alias, router variant, tag, or utility-style page; it should not compete as a separate indexable page."
P1,router_variant,confirm_noindex_and_canonical_target,https://daily-life-hacks.com/air-fryer-salmon-bites-garlic-honey-glaze-v1,air-fryer-salmon-bites-garlic-honey-glaze,651,81384,0,,,"URL is an alias, router variant, tag, or utility-style page; it should not compete as a separate indexable page."
P1,router_variant,confirm_noindex_and_canonical_target,https://daily-life-hacks.com/amaranth-millet-teff-beginner-cooking-guide-v5,amaranth-millet-teff-beginner-cooking-guide,786,0,0,,,"URL is an alias, router variant, tag, or utility-style page; it should not compete as a separate indexable page."
P1,alias,confirm_noindex_and_canonical_target,https://daily-life-hacks.com/are-artichokes-good-for-digestion,artichoke-recipes-for-gut-health,768,82651,0,,,"URL is an alias, router variant, tag, or utility-style page; it should not compete as a separate indexable page."
P1,router_variant,confirm_noindex_and_canonical_target,https://daily-life-hacks.com/baked-cod-lemon-capers-green-beans-v2,baked-cod-lemon-capers-green-beans,710,81565,0,,,"URL is an alias, router variant, tag, or utility-style page; it should not compete as a separate indexable page."
P1,router_variant,confirm_noindex_and_canonical_target,https://daily-life-hacks.com/balanced-breakfast-that-keeps-you-full-v1,balanced-breakfast-that-keeps-you-full,734,71317,0,,,"URL is an alias, router variant, tag, or utility-style page; it should not compete as a separate indexable page."
P1,router_variant,confirm_noindex_and_canonical_target,https://daily-life-hacks.com/balanced-breakfast-that-keeps-you-full-v2,balanced-breakfast-that-keeps-you-full,734,71486,0,,,"URL is an alias, router variant, tag, or utility-style page; it should not compete as a separate indexable page."
P1,alias,confirm_noindex_and_canonical_target,https://daily-life-hacks.com/batch-cooking-for-beginners-weekly-guide-guide,batch-cooking-for-beginners-weekly-guide,732,67398,0,,,"URL is an alias, router variant, tag, or utility-style page; it should not compete as a separate indexable page."
P1,alias,confirm_noindex_and_canonical_target,https://daily-life-hacks.com/batch-cooking-for-beginners-weekly-guide-tips,batch-cooking-for-beginners-weekly-guide,732,68937,0,,,"URL is an alias, router variant, tag, or utility-style page; it should not compete as a separate indexable page."
P1,router_variant,confirm_noindex_and_canonical_target,https://daily-life-hacks.com/beans-and-rice-complete-protein-meal-v2,beans-and-rice-complete-protein-meal,738,83349,0,,,"URL is an alias, router variant, tag, or utility-style page; it should not compete as a separate indexable page."
P1,alias,confirm_noindex_and_canonical_target,https://daily-life-hacks.com/best-batch-cooking-for-beginners-weekly-guide,batch-cooking-for-beginners-weekly-guide,732,69071,0,,,"URL is an alias, router variant, tag, or utility-style page; it should not compete as a separate indexable page."
P1,alias,confirm_noindex_and_canonical_target,https://daily-life-hacks.com/best-black-bean-brownies-hidden-fiber-dessert,black-bean-brownies-hidden-fiber-dessert,695,74312,0,,,"URL is an alias, router variant, tag, or utility-style page; it should not compete as a separate indexable page."
P1,alias,confirm_noindex_and_canonical_target,https://daily-life-hacks.com/best-easy-high-fiber-breakfast-ideas-for-gut-health,easy-high-fiber-breakfast-ideas-for-gut-health,708,74282,0,,,"URL is an alias, router variant, tag, or utility-style page; it should not compete as a separate indexable page."
P1,alias,confirm_noindex_and_canonical_target,https://daily-life-hacks.com/best-grocery-shopping-list-for-healthy-eating-on-a-budget,grocery-shopping-list-for-healthy-eating-on-a-budget,715,70033,0,,,"URL is an alias, router variant, tag, or utility-style page; it should not compete as a separate indexable page."
P1,alias,confirm_noindex_and_canonical_target,https://daily-life-hacks.com/best-gut-health-tea-peppermint-ginger,gut-health-tea-peppermint-ginger,838,69941,0,,,"URL is an alias, router variant, tag, or utility-style page; it should not compete as a separate indexable page."
P1,alias,confirm_noindex_and_canonical_target,https://daily-life-hacks.com/best-high-fiber-bran-muffins-that-taste-good,high-fiber-bran-muffins-that-taste-good,699,84788,0,,,"URL is an alias, router variant, tag, or utility-style page; it should not compete as a separate indexable page."
P1,alias,confirm_noindex_and_canonical_target,https://daily-life-hacks.com/best-high-fiber-cauliflower-rice-recipes,high-fiber-cauliflower-rice-recipes,729,83516,0,,,"URL is an alias, router variant, tag, or utility-style page; it should not compete as a separate indexable page."
P1,alias,confirm_noindex_and_canonical_target,https://daily-life-hacks.com/best-high-fiber-pizza-crust-cauliflower,high-fiber-pizza-crust-cauliflower,813,88707,0,,,"URL is an alias, router variant, tag, or utility-style page; it should not compete as a separate indexable page."
P1,alias,confirm_noindex_and_canonical_target,https://daily-life-hacks.com/best-high-fiber-popcorn-toppings-healthy,high-fiber-popcorn-toppings-healthy,787,0,0,,,"URL is an alias, router variant, tag, or utility-style page; it should not compete as a separate indexable page."
P1,alias,confirm_noindex_and_canonical_target,https://daily-life-hacks.com/best-high-fiber-smoothies-for-kids-picky-eaters,high-fiber-smoothies-for-kids-picky-eaters,826,0,0,,,"URL is an alias, router variant, tag, or utility-style page; it should not compete as a separate indexable page."
P1,alias,confirm_noindex_and_canonical_target,https://daily-life-hacks.com/best-high-fiber-yogurt-parfait-for-breakfast,high-fiber-yogurt-parfait-for-breakfast,822,75182,0,,,"URL is an alias, router variant, tag, or utility-style page; it should not compete as a separate indexable page."
P1,alias,confirm_noindex_and_canonical_target,https://daily-life-hacks.com/best-how-to-keep-bread-fresh-longer-without-mold,how-to-keep-bread-fresh-longer-without-mold,715,0,0,,,"URL is an alias, router variant, tag, or utility-style page; it should not compete as a separate indexable page."
P1,alias,confirm_noindex_and_canonical_target,https://daily-life-hacks.com/best-oatmeal-vs-grits-fiber-content,oatmeal-vs-grits-fiber-content,782,68609,0,,,"URL is an alias, router variant, tag, or utility-style page; it should not compete as a separate indexable page."
P1,alias,confirm_noindex_and_canonical_target,https://daily-life-hacks.com/best-pear-salad-with-walnuts-fiber-rich,pear-salad-with-walnuts-fiber-rich,764,0,0,,,"URL is an alias, router variant, tag, or utility-style page; it should not compete as a separate indexable page."
P1,alias,confirm_noindex_and_canonical_target,https://daily-life-hacks.com/best-tabbouleh-salad-high-fiber-bulgur,tabbouleh-salad-high-fiber-bulgur,780,85639,0,,,"URL is an alias, router variant, tag, or utility-style page; it should not compete as a separate indexable page."
P1,alias,confirm_noindex_and_canonical_target,https://daily-life-hacks.com/best-vegetarian-high-fiber-dinners-for-natural-relief,vegetarian-high-fiber-dinners-for-natural-relief,731,0,0,,,"URL is an alias, router variant, tag, or utility-style page; it should not compete as a separate indexable page."
P1,alias,confirm_noindex_and_canonical_target,https://daily-life-hacks.com/best-water-and-fiber-the-golden-rule,water-and-fiber-the-golden-rule,845,74274,0,,,"URL is an alias, router variant, tag, or utility-style page; it should not compete as a separate indexable page."
P1,alias,confirm_noindex_and_canonical_target,https://daily-life-hacks.com/black-bean-brownies-hidden-fiber-dessert-guide,black-bean-brownies-hidden-fiber-dessert,695,0,0,,,"URL is an alias, router variant, tag, or utility-style page; it should not compete as a separate indexable page."
P1,alias,confirm_noindex_and_canonical_target,https://daily-life-hacks.com/black-bean-brownies-hidden-fiber-dessert-tips,black-bean-brownies-hidden-fiber-dessert,695,68866,0,,,"URL is an alias, router variant, tag, or utility-style page; it should not compete as a separate indexable page."
P1,alias,confirm_noindex_and_canonical_target,https://daily-life-hacks.com/can-you-eat-chia-seed-pudding-for-breakfast,chia-pudding-variations-for-breakfast,830,69803,0,,,"URL is an alias, router variant, tag, or utility-style page; it should not compete as a separate indexable page."
P1,alias,confirm_noindex_and_canonical_target,https://daily-life-hacks.com/chia-pudding-recipes-for-breakfast,chia-pudding-variations-for-breakfast,830,76120,0,,,"URL is an alias, router variant, tag, or utility-style page; it should not compete as a separate indexable page."
P1,alias,confirm_noindex_and_canonical_target,https://daily-life-hacks.com/easy-high-fiber-breakfast-ideas-for-gut-health-guide,easy-high-fiber-breakfast-ideas-for-gut-health,708,69241,0,,,"URL is an alias, router variant, tag, or utility-style page; it should not compete as a separate indexable page."
P1,alias,confirm_noindex_and_canonical_target,https://daily-life-hacks.com/easy-high-fiber-breakfast-ideas-for-gut-health-tips,easy-high-fiber-breakfast-ideas-for-gut-health,708,74406,0,,,"URL is an alias, router variant, tag, or utility-style page; it should not compete as a separate indexable page."
P1,alias,confirm_noindex_and_canonical_target,https://daily-life-hacks.com/easy-high-protein-high-fiber-meals,high-protein-high-fiber-meals-for-weight-loss,729,69192,0,,,"URL is an alias, router variant, tag, or utility-style page; it should not compete as a separate indexable page."
P1,alias,confirm_noindex_and_canonical_target,https://daily-life-hacks.com/easy-meal-prep-ideas-to-freeze,freezer-meal-prep-ideas-for-beginners,729,0,0,,,"URL is an alias, router variant, tag, or utility-style page; it should not compete as a separate indexable page."
P1,alias,confirm_noindex_and_canonical_target,https://daily-life-hacks.com/fiber-in-stir-fry-vegetables,high-fiber-stir-fry-vegetables,813,0,0,,,"URL is an alias, router variant, tag, or utility-style page; it should not compete as a separate indexable page."
P1,alias,confirm_noindex_and_canonical_target,https://daily-life-hacks.com/fiber-rich-soup-for-weight-loss-cabbage-tips,fiber-rich-soup-for-weight-loss-cabbage,726,79898,0,,,"URL is an alias, router variant, tag, or utility-style page; it should not compete as a separate indexable page."
P1,alias,confirm_noindex_and_canonical_target,https://daily-life-hacks.com/freezer-meal-prep-ideas-for-toddlers,freezer-meal-prep-ideas-for-beginners,729,0,0,,,"URL is an alias, router variant, tag, or utility-style page; it should not compete as a separate indexable page."
P1,alias,confirm_noindex_and_canonical_target,https://daily-life-hacks.com/freezer-meal-prep-ideas-kid-friendly,freezer-meal-prep-ideas-for-beginners,729,73963,0,,,"URL is an alias, router variant, tag, or utility-style page; it should not compete as a separate indexable page."
P1,alias,confirm_noindex_and_canonical_target,https://daily-life-hacks.com/grocery-shopping-list-for-healthy-eating-on-a-budget-guide,grocery-shopping-list-for-healthy-eating-on-a-budget,715,69529,0,,,"URL is an alias, router variant, tag, or utility-style page; it should not compete as a separate indexable page."
P1,alias,confirm_noindex_and_canonical_target,https://daily-life-hacks.com/gut-health-tea-peppermint-ginger-guide,gut-health-tea-peppermint-ginger,838,74371,0,,,"URL is an alias, router variant, tag, or utility-style page; it should not compete as a separate indexable page."
P1,alias,confirm_noindex_and_canonical_target,https://daily-life-hacks.com/gut-health-tea-peppermint-ginger-tips,gut-health-tea-peppermint-ginger,838,0,0,,,"URL is an alias, router variant, tag, or utility-style page; it should not compete as a separate indexable page."
P1,alias,confirm_noindex_and_canonical_target,https://daily-life-hacks.com/high-fiber-bran-muffins-that-taste-good-guide,high-fiber-bran-muffins-that-taste-good,699,77793,0,,,"URL is an alias, router variant, tag, or utility-style page; it should not compete as a separate indexable page."
P1,alias,confirm_noindex_and_canonical_target,https://daily-life-hacks.com/high-fiber-bran-muffins-that-taste-good-tips,high-fiber-bran-muffins-that-taste-good,699,77595,0,,,"URL is an alias, router variant, tag, or utility-style page; it should not compete as a separate indexable page."
P1,router_variant,confirm_noindex_and_canonical_target,https://daily-life-hacks.com/high-fiber-burrito-bowl-meal-prep-v2,high-fiber-burrito-bowl-meal-prep,785,66945,0,,,"URL is an alias, router variant, tag, or utility-style page; it should not compete as a separate indexable page."
P1,alias,confirm_noindex_and_canonical_target,https://daily-life-hacks.com/high-fiber-cauliflower-rice-recipes-tips,high-fiber-cauliflower-rice-recipes,729,0,0,,,"URL is an alias, router variant, tag, or utility-style page; it should not compete as a separate indexable page."
P1,alias,confirm_noindex_and_canonical_target,https://daily-life-hacks.com/high-fiber-foods-for-constipation-relief,high-fiber-meals-for-constipation-relief,714,73040,0,,,"URL is an alias, router variant, tag, or utility-style page; it should not compete as a separate indexable page."
P1,router_variant,confirm_noindex_and_canonical_target,https://daily-life-hacks.com/high-fiber-gluten-free-bread-recipe-v1,high-fiber-gluten-free-bread-recipe,798,67325,0,,,"URL is an alias, router variant, tag, or utility-style page; it should not compete as a separate indexable page."
P1,router_variant,confirm_noindex_and_canonical_target,https://daily-life-hacks.com/high-fiber-gluten-free-bread-recipe-v3,high-fiber-gluten-free-bread-recipe,798,67325,0,,,"URL is an alias, router variant, tag, or utility-style page; it should not compete as a separate indexable page."
P1,router_variant,confirm_noindex_and_canonical_target,https://daily-life-hacks.com/high-fiber-gluten-free-bread-recipe-v4,high-fiber-gluten-free-bread-recipe,798,67325,0,,,"URL is an alias, router variant, tag, or utility-style page; it should not compete as a separate indexable page."
P1,alias,confirm_noindex_and_canonical_target,https://daily-life-hacks.com/high-fiber-hummus-recipe-homemade-guide,high-fiber-hummus-recipe-homemade,794,85791,0,,,"URL is an alias, router variant, tag, or utility-style page; it should not compete as a separate indexable page."
P1,alias,confirm_noindex_and_canonical_target,https://daily-life-hacks.com/high-fiber-popcorn-toppings-healthy-guide,high-fiber-popcorn-toppings-healthy,787,73163,0,,,"URL is an alias, router variant, tag, or utility-style page; it should not compete as a separate indexable page."
P1,alias,confirm_noindex_and_canonical_target,https://daily-life-hacks.com/high-fiber-popcorn-toppings-healthy-tips,high-fiber-popcorn-toppings-healthy,787,0,0,,,"URL is an alias, router variant, tag, or utility-style page; it should not compete as a separate indexable page."
P1,alias,confirm_noindex_and_canonical_target,https://daily-life-hacks.com/high-fiber-salad-dressings-homemade-guide,high-fiber-salad-dressings-homemade,745,81409,0,,,"URL is an alias, router variant, tag, or utility-style page; it should not compete as a separate indexable page."
P1,alias,confirm_noindex_and_canonical_target,https://daily-life-hacks.com/high-fiber-salad-dressings-homemade-tips,high-fiber-salad-dressings-homemade,745,76365,0,,,"URL is an alias, router variant, tag, or utility-style page; it should not compete as a separate indexable page."
P1,alias,confirm_noindex_and_canonical_target,https://daily-life-hacks.com/high-fiber-smoothies-for-kids-picky-eaters-tips,high-fiber-smoothies-for-kids-picky-eaters,826,74265,0,,,"URL is an alias, router variant, tag, or utility-style page; it should not compete as a separate indexable page."
P1,alias,confirm_noindex_and_canonical_target,https://daily-life-hacks.com/high-fiber-yogurt-parfait-for-breakfast-guide,high-fiber-yogurt-parfait-for-breakfast,822,69741,0,,,"URL is an alias, router variant, tag, or utility-style page; it should not compete as a separate indexable page."
P1,alias,confirm_noindex_and_canonical_target,https://daily-life-hacks.com/high-fiber-yogurt-parfait-for-breakfast-tips,high-fiber-yogurt-parfait-for-breakfast,822,0,0,,,"URL is an alias, router variant, tag, or utility-style page; it should not compete as a separate indexable page."
P1,alias,confirm_noindex_and_canonical_target,https://daily-life-hacks.com/high-fibre-stir-fry-recipes,high-fiber-stir-fry-vegetables,813,86680,0,,,"URL is an alias, router variant, tag, or utility-style page; it should not compete as a separate indexable page."
P1,alias,confirm_noindex_and_canonical_target,https://daily-life-hacks.com/high-protein-and-fiber-meals-for-weight-loss-pdf,high-protein-high-fiber-meals-for-weight-loss,729,73241,0,,,"URL is an alias, router variant, tag, or utility-style page; it should not compete as a separate indexable page."
P1,alias,confirm_noindex_and_canonical_target,https://daily-life-hacks.com/high-protein-and-fiber-meals-for-weight-loss-vegetarian,high-protein-high-fiber-meals-for-weight-loss,729,68471,0,,,"URL is an alias, router variant, tag, or utility-style page; it should not compete as a separate indexable page."
P1,alias,confirm_noindex_and_canonical_target,https://daily-life-hacks.com/highfiber-meals-for-constipation,high-fiber-meals-for-constipation-relief,714,68731,0,,,"URL is an alias, router variant, tag, or utility-style page; it should not compete as a separate indexable page."
P1,alias,confirm_noindex_and_canonical_target,https://daily-life-hacks.com/how-much-chia-pudding-for-breakfast,chia-pudding-variations-for-breakfast,830,73828,0,,,"URL is an alias, router variant, tag, or utility-style page; it should not compete as a separate indexable page."
P1,alias,confirm_noindex_and_canonical_target,https://daily-life-hacks.com/how-much-prune-juice-for-severe-constipation,prune-juice-alternatives-for-constipation,803,69733,0,,,"URL is an alias, router variant, tag, or utility-style page; it should not compete as a separate indexable page."
P1,alias,confirm_noindex_and_canonical_target,https://daily-life-hacks.com/how-much-prune-juice-to-drink-for-severe-constipation,prune-juice-alternatives-for-constipation,803,74874,0,,,"URL is an alias, router variant, tag, or utility-style page; it should not compete as a separate indexable page."
P1,alias,confirm_noindex_and_canonical_target,https://daily-life-hacks.com/how-should-fruits-and-vegetables-be-stored,how-to-store-fruits-and-vegetables-properly,711,69096,0,,,"URL is an alias, router variant, tag, or utility-style page; it should not compete as a separate indexable page."
P1,alias,confirm_noindex_and_canonical_target,https://daily-life-hacks.com/how-to-freeze-strawberries-and-bananas-for-smoothies,how-to-freeze-bananas-for-smoothies,731,0,0,,,"URL is an alias, router variant, tag, or utility-style page; it should not compete as a separate indexable page."
P1,alias,confirm_noindex_and_canonical_target,https://daily-life-hacks.com/how-to-get-groceries-cheaper,how-to-make-grocery-shopping-cheaper,741,75291,0,,,"URL is an alias, router variant, tag, or utility-style page; it should not compete as a separate indexable page."
P1,alias,confirm_noindex_and_canonical_target,https://daily-life-hacks.com/how-to-make-groceries-cheaper,how-to-make-grocery-shopping-cheaper,741,68628,0,,,"URL is an alias, router variant, tag, or utility-style page; it should not compete as a separate indexable page."
P1,alias,confirm_noindex_and_canonical_target,https://daily-life-hacks.com/how-to-meal-prep-at-trader-joes-on-a-budget-for-one-person,how-to-meal-prep-on-a-budget-for-one-person,710,74863,0,,,"URL is an alias, router variant, tag, or utility-style page; it should not compete as a separate indexable page."
P1,alias,confirm_noindex_and_canonical_target,https://daily-life-hacks.com/how-to-organize-a-small-kitchen-on-a-budget-guide,how-to-organize-a-small-kitchen-on-a-budget,727,67337,0,,,"URL is an alias, router variant, tag, or utility-style page; it should not compete as a separate indexable page."
P1,alias,confirm_noindex_and_canonical_target,https://daily-life-hacks.com/how-to-organize-a-very-small-kitchen,how-to-organize-a-small-kitchen-on-a-budget,727,69026,0,,,"URL is an alias, router variant, tag, or utility-style page; it should not compete as a separate indexable page."
P1,alias,confirm_noindex_and_canonical_target,https://daily-life-hacks.com/how-to-properly-store-fruits-and-vegetables-chart,how-to-store-fruits-and-vegetables-properly,711,68728,0,,,"URL is an alias, router variant, tag, or utility-style page; it should not compete as a separate indexable page."
P1,alias,confirm_noindex_and_canonical_target,https://daily-life-hacks.com/how-to-read-food-nutrition-labels,how-to-read-nutrition-labels-for-beginners,732,74532,0,,,"URL is an alias, router variant, tag, or utility-style page; it should not compete as a separate indexable page."
P1,alias,confirm_noindex_and_canonical_target,https://daily-life-hacks.com/how-to-read-nutrition-labels-for-weight-loss,how-to-read-nutrition-labels-for-beginners,732,0,0,,,"URL is an alias, router variant, tag, or utility-style page; it should not compete as a separate indexable page."
P1,alias,confirm_noindex_and_canonical_target,https://daily-life-hacks.com/how-to-read-nutrition-labels-to-lower-cholesterol,how-to-read-nutrition-labels-for-beginners,732,0,0,,,"URL is an alias, router variant, tag, or utility-style page; it should not compete as a separate indexable page."
P1,alias,confirm_noindex_and_canonical_target,https://daily-life-hacks.com/how-to-read-nutrition-labels-total-fat,how-to-read-nutrition-labels-for-beginners,732,68335,0,,,"URL is an alias, router variant, tag, or utility-style page; it should not compete as a separate indexable page."
P1,alias,confirm_noindex_and_canonical_target,https://daily-life-hacks.com/how-to-reduce-food-waste-at-home-easy-tips-guide,how-to-reduce-food-waste-at-home-easy-tips,709,68968,0,,,"URL is an alias, router variant, tag, or utility-style page; it should not compete as a separate indexable page."
P1,alias,confirm_noindex_and_canonical_target,https://daily-life-hacks.com/how-to-revive-wilted-greens,how-to-revive-wilted-lettuce-and-greens,705,71862,0,,,"URL is an alias, router variant, tag, or utility-style page; it should not compete as a separate indexable page."
P1,alias,confirm_noindex_and_canonical_target,https://daily-life-hacks.com/how-to-store-avocados-to-prevent-browning,best-way-to-store-avocados-to-stop-browning,703,179682,0,,,"URL is an alias, router variant, tag, or utility-style page; it should not compete as a separate indexable page."
P1,alias,confirm_noindex_and_canonical_target,https://daily-life-hacks.com/how-to-store-fruits-and-vegetables,how-to-store-fruits-and-vegetables-properly,711,69460,0,,,"URL is an alias, router variant, tag, or utility-style page; it should not compete as a separate indexable page."
P1,alias,confirm_noindex_and_canonical_target,https://daily-life-hacks.com/is-chia-seed-pudding-enough-for-breakfast,chia-pudding-variations-for-breakfast,830,74779,0,,,"URL is an alias, router variant, tag, or utility-style page; it should not compete as a separate indexable page."
P1,alias,confirm_noindex_and_canonical_target,https://daily-life-hacks.com/oatmeal-vs-grits-fiber-content-tips,oatmeal-vs-grits-fiber-content,782,0,0,,,"URL is an alias, router variant, tag, or utility-style page; it should not compete as a separate indexable page."
P1,alias,confirm_noindex_and_canonical_target,https://daily-life-hacks.com/pear-salad-with-walnuts-fiber-rich-guide,pear-salad-with-walnuts-fiber-rich,764,76835,0,,,"URL is an alias, router variant, tag, or utility-style page; it should not compete as a separate indexable page."
P1,alias,confirm_noindex_and_canonical_target,https://daily-life-hacks.com/tabbouleh-salad-high-fiber-bulgur-guide,tabbouleh-salad-high-fiber-bulgur,780,78070,0,,,"URL is an alias, router variant, tag, or utility-style page; it should not compete as a separate indexable page."
P1,alias,confirm_noindex_and_canonical_target,https://daily-life-hacks.com/time-saving-hacks-summer-crockpot-meals,cheap-crockpot-meals-large-families,783,74619,0,,,"URL is an alias, router variant, tag, or utility-style page; it should not compete as a separate indexable page."
P1,router_variant,confirm_noindex_and_canonical_target,https://daily-life-hacks.com/tuscan-white-bean-kale-soup-stovetop-v2,tuscan-white-bean-kale-soup-stovetop,768,179893,0,,,"URL is an alias, router variant, tag, or utility-style page; it should not compete as a separate indexable page."
P1,alias,confirm_noindex_and_canonical_target,https://daily-life-hacks.com/vegan-high-fiber-meal-prep-for-week-guide,vegan-high-fiber-meal-prep-for-week,823,78584,0,,,"URL is an alias, router variant, tag, or utility-style page; it should not compete as a separate indexable page."
P1,alias,confirm_noindex_and_canonical_target,https://daily-life-hacks.com/vegan-high-fiber-meal-prep-for-week-tips,vegan-high-fiber-meal-prep-for-week,823,0,0,,,"URL is an alias, router variant, tag, or utility-style page; it should not compete as a separate indexable page."
P1,alias,confirm_noindex_and_canonical_target,https://daily-life-hacks.com/vegetarian-high-fiber-dinners-for-natural-relief-guide,vegetarian-high-fiber-dinners-for-natural-relief,731,83709,0,,,"URL is an alias, router variant, tag, or utility-style page; it should not compete as a separate indexable page."
P1,alias,confirm_noindex_and_canonical_target,https://daily-life-hacks.com/vegetarian-high-fiber-dinners-for-natural-relief-tips,vegetarian-high-fiber-dinners-for-natural-relief,731,83709,0,,,"URL is an alias, router variant, tag, or utility-style page; it should not compete as a separate indexable page."
P1,alias,confirm_noindex_and_canonical_target,https://daily-life-hacks.com/water-and-fiber-the-golden-rule-guide,water-and-fiber-the-golden-rule,845,68878,0,,,"URL is an alias, router variant, tag, or utility-style page; it should not compete as a separate indexable page."
P1,alias,confirm_noindex_and_canonical_target,https://daily-life-hacks.com/water-and-fiber-the-golden-rule-tips,water-and-fiber-the-golden-rule,845,74274,0,,,"URL is an alias, router variant, tag, or utility-style page; it should not compete as a separate indexable page."
P1,alias,confirm_noindex_and_canonical_target,https://daily-life-hacks.com/ways-to-make-grocery-shopping-cheaper,how-to-make-grocery-shopping-cheaper,741,73652,0,,,"URL is an alias, router variant, tag, or utility-style page; it should not compete as a separate indexable page."
P1,alias,confirm_noindex_and_canonical_target,https://daily-life-hacks.com/what-are-good-sources-of-fiber-for-constipation,high-fiber-meals-for-constipation-relief,714,0,0,,,"URL is an alias, router variant, tag, or utility-style page; it should not compete as a separate indexable page."
P1,alias,confirm_noindex_and_canonical_target,https://daily-life-hacks.com/what-is-a-high-protein-high-fiber-diet,high-protein-high-fiber-meals-for-weight-loss,729,66741,0,,,"URL is an alias, router variant, tag, or utility-style page; it should not compete as a separate indexable page."
P1,alias,confirm_noindex_and_canonical_target,https://daily-life-hacks.com/what-vegetables-can-you-add-to-a-stir-fry,high-fiber-stir-fry-vegetables,813,86680,0,,,"URL is an alias, router variant, tag, or utility-style page; it should not compete as a separate indexable page."
P1,alias,confirm_noindex_and_canonical_target,https://daily-life-hacks.com/what-veggies-are-good-for-a-stir-fry,high-fiber-stir-fry-vegetables,813,0,0,,,"URL is an alias, router variant, tag, or utility-style page; it should not compete as a separate indexable page."
P2,article,validate_current_301_to_canonical_url,https://daily-life-hacks.com/amaranth-millet-teff-beginner-cooking-guide,amaranth-millet-teff-beginner-cooking-guide,786,74913,10,,,Article exists at a non-canonical URL shape; current router policy should 301 to www/trailing-slash.
P2,article,validate_current_301_to_canonical_url,https://daily-life-hacks.com/baking-sheet-liners-parchment-silicone-when-to-use,baking-sheet-liners-parchment-silicone-when-to-use,767,65441,8,,,Article exists at a non-canonical URL shape; current router policy should 301 to www/trailing-slash.
P2,article,validate_current_301_to_canonical_url,https://www.daily-life-hacks.com/oatmeal-vs-grits-fiber-content,oatmeal-vs-grits-fiber-content,782,,,8,9.0,Article exists at a non-canonical URL shape; current router policy should 301 to www/trailing-slash.
P2,article,validate_current_301_to_canonical_url,https://daily-life-hacks.com/high-fiber-salad-dressings-homemade,high-fiber-salad-dressings-homemade,745,0,7,,,Article exists at a non-canonical URL shape; current router policy should 301 to www/trailing-slash.
P2,article,validate_current_301_to_canonical_url,https://daily-life-hacks.com/oatmeal-vs-grits-fiber-content,oatmeal-vs-grits-fiber-content,782,0,7,,,Article exists at a non-canonical URL shape; current router policy should 301 to www/trailing-slash.
P2,article,validate_current_301_to_canonical_url,https://www.daily-life-hacks.com/costco-rotisserie-chicken-meal-ideas-dinner,costco-rotisserie-chicken-meal-ideas-dinner,728,,,7,34.71,Article exists at a non-canonical URL shape; current router policy should 301 to www/trailing-slash.
P2,article,validate_current_301_to_canonical_url,https://daily-life-hacks.com/30-day-high-fiber-challenge-meal-plan,30-day-high-fiber-challenge-meal-plan,752,74406,5,,,Article exists at a non-canonical URL shape; current router policy should 301 to www/trailing-slash.
P2,article,validate_current_301_to_canonical_url,https://www.daily-life-hacks.com/selenium-containing-foods-easy-ways,selenium-containing-foods-easy-ways,780,,,5,10.0,Article exists at a non-canonical URL shape; current router policy should 301 to www/trailing-slash.
P2,article,validate_current_301_to_canonical_url,https://daily-life-hacks.com/cottage-cheese-vs-greek-yogurt-protein-uses,cottage-cheese-vs-greek-yogurt-protein-uses,749,0,4,,,Article exists at a non-canonical URL shape; current router policy should 301 to www/trailing-slash.
P2,article,validate_current_301_to_canonical_url,https://daily-life-hacks.com/healthy-blue-collar-lunch-ideas-men,healthy-blue-collar-lunch-ideas-men,738,80522,4,,,Article exists at a non-canonical URL shape; current router policy should 301 to www/trailing-slash.
P2,article,validate_current_301_to_canonical_url,https://daily-life-hacks.com/high-fiber-stir-fry-vegetables,high-fiber-stir-fry-vegetables,813,0,4,,,Article exists at a non-canonical URL shape; current router policy should 301 to www/trailing-slash.
P2,article,validate_current_301_to_canonical_url,https://daily-life-hacks.com/how-to-keep-bread-fresh-longer-without-mold,how-to-keep-bread-fresh-longer-without-mold,715,0,4,,,Article exists at a non-canonical URL shape; current router policy should 301 to www/trailing-slash.
P2,legacy_redirect,validate_legacy_301_target,https://daily-life-hacks.com/oatmeal-vs-grits-fiber-content-guide,oatmeal-vs-grits-fiber-content,782,74624,4,,,Legacy URL has a permanent redirect rule; verify live 301 and request validation if it appears in GSC.
P2,home,document_no_action,https://www.daily-life-hacks.com/,,,,,4,1.0,Low-risk URL class; keep in report unless evidence changes.
P2,article,validate_current_301_to_canonical_url,https://daily-life-hacks.com/baked-cod-lemon-capers-green-beans,baked-cod-lemon-capers-green-beans,710,65092,3,,,Article exists at a non-canonical URL shape; current router policy should 301 to www/trailing-slash.
P2,article,validate_current_301_to_canonical_url,https://daily-life-hacks.com/high-fiber-fast-food-options-guide,high-fiber-fast-food-options-guide,802,75681,3,,,Article exists at a non-canonical URL shape; current router policy should 301 to www/trailing-slash.
P2,article,validate_current_301_to_canonical_url,https://daily-life-hacks.com/high-fiber-smoothies-for-kids-picky-eaters,high-fiber-smoothies-for-kids-picky-eaters,826,0,3,,,Article exists at a non-canonical URL shape; current router policy should 301 to www/trailing-slash.
P2,article,validate_current_301_to_canonical_url,https://daily-life-hacks.com/how-to-freeze-bananas-for-smoothies,how-to-freeze-bananas-for-smoothies,731,0,3,,,Article exists at a non-canonical URL shape; current router policy should 301 to www/trailing-slash.
P2,article,validate_current_301_to_canonical_url,https://www.daily-life-hacks.com/high-fiber-hummus-recipe-homemade,high-fiber-hummus-recipe-homemade,794,,,3,7.67,Article exists at a non-canonical URL shape; current router policy should 301 to www/trailing-slash.
P2,article,validate_current_301_to_canonical_url,https://www.daily-life-hacks.com/high-fiber-pizza-crust-cauliflower,high-fiber-pizza-crust-cauliflower,813,,,3,8.0,Article exists at a non-canonical URL shape; current router policy should 301 to www/trailing-slash.
P2,article,validate_current_301_to_canonical_url,https://daily-life-hacks.com/costco-rotisserie-chicken-meal-ideas-dinner,costco-rotisserie-chicken-meal-ideas-dinner,728,80881,2,,,Article exists at a non-canonical URL shape; current router policy should 301 to www/trailing-slash.
P2,article,validate_current_301_to_canonical_url,https://daily-life-hacks.com/gluten-free-sourdough-discard-pizza-dough,gluten-free-sourdough-discard-pizza-dough,714,86814,2,,,Article exists at a non-canonical URL shape; current router policy should 301 to www/trailing-slash.
P2,article,validate_current_301_to_canonical_url,https://daily-life-hacks.com/gut-health-tea-peppermint-ginger,gut-health-tea-peppermint-ginger,838,0,2,,,Article exists at a non-canonical URL shape; current router policy should 301 to www/trailing-slash.
P2,article,validate_current_301_to_canonical_url,https://daily-life-hacks.com/high-fiber-hummus-recipe-homemade,high-fiber-hummus-recipe-homemade,794,0,2,,,Article exists at a non-canonical URL shape; current router policy should 301 to www/trailing-slash.
P2,article,validate_current_301_to_canonical_url,https://daily-life-hacks.com/high-fiber-raspberry-jam-recipe-chia,high-fiber-raspberry-jam-recipe-chia,711,83175,2,,,Article exists at a non-canonical URL shape; current router policy should 301 to www/trailing-slash.
P2,article,validate_current_301_to_canonical_url,https://daily-life-hacks.com/high-fiber-yogurt-parfait-for-breakfast,high-fiber-yogurt-parfait-for-breakfast,822,75502,2,,,Article exists at a non-canonical URL shape; current router policy should 301 to www/trailing-slash.
P2,article,validate_current_301_to_canonical_url,https://daily-life-hacks.com/high-protein-bagel-sandwich-ideas-lunch,high-protein-bagel-sandwich-ideas-lunch,973,82141,2,,,Article exists at a non-canonical URL shape; current router policy should 301 to www/trailing-slash.
P2,article,validate_current_301_to_canonical_url,https://daily-life-hacks.com/how-to-measure-sourdough-discard-grams,how-to-measure-sourdough-discard-grams,710,73218,2,,,Article exists at a non-canonical URL shape; current router policy should 301 to www/trailing-slash.
P2,article,validate_current_301_to_canonical_url,https://www.daily-life-hacks.com/how-to-season-cast-iron-skillet-properly,how-to-season-cast-iron-skillet-properly,724,,,2,8.0,Article exists at a non-canonical URL shape; current router policy should 301 to www/trailing-slash.
P2,article,validate_current_301_to_canonical_url,https://www.daily-life-hacks.com/how-to-store-homemade-salad-dressing-safely,how-to-store-homemade-salad-dressing-safely,830,,,2,10.0,Article exists at a non-canonical URL shape; current router policy should 301 to www/trailing-slash.
P2,legacy_gone,keep_410_noindex,https://www.daily-life-hacks.com/tag/homeorganization/,,,,,2,6.5,Legacy URL is intentionally gone with noindex; keep unless fresh evidence shows a useful replacement.
P2,legacy_redirect,validate_legacy_301_target,https://www.daily-life-hacks.com/tag/reducefoodwaste/,how-to-reduce-food-waste-at-home-easy-tips,709,,,2,9.5,Legacy URL has a permanent redirect rule; verify live 301 and request validation if it appears in GSC.
P2,article,validate_current_301_to_canonical_url,https://daily-life-hacks.com/batch-cooking-for-beginners-weekly-guide,batch-cooking-for-beginners-weekly-guide,732,0,1,,,Article exists at a non-canonical URL shape; current router policy should 301 to www/trailing-slash.
P2,article,validate_current_301_to_canonical_url,https://daily-life-hacks.com/healthy-egg-sandwich-add-ins-toppings,healthy-egg-sandwich-add-ins-toppings,736,0,1,,,Article exists at a non-canonical URL shape; current router policy should 301 to www/trailing-slash.
P2,article,validate_current_301_to_canonical_url,https://daily-life-hacks.com/healthy-turkey-meatballs-meal-prep,healthy-turkey-meatballs-meal-prep,706,60339,1,,,Article exists at a non-canonical URL shape; current router policy should 301 to www/trailing-slash.
P2,article,validate_current_301_to_canonical_url,https://daily-life-hacks.com/high-fiber-pizza-crust-cauliflower,high-fiber-pizza-crust-cauliflower,813,0,1,,,Article exists at a non-canonical URL shape; current router policy should 301 to www/trailing-slash.
P2,article,validate_current_301_to_canonical_url,https://daily-life-hacks.com/high-fiber-popcorn-toppings-healthy,high-fiber-popcorn-toppings-healthy,787,0,1,,,Article exists at a non-canonical URL shape; current router policy should 301 to www/trailing-slash.
P2,article,validate_current_301_to_canonical_url,https://daily-life-hacks.com/pear-salad-with-walnuts-fiber-rich,pear-salad-with-walnuts-fiber-rich,764,0,1,,,Article exists at a non-canonical URL shape; current router policy should 301 to www/trailing-slash.
P2,article,validate_current_301_to_canonical_url,https://daily-life-hacks.com/popcorn-vs-potato-chips-fiber-comparison,popcorn-vs-potato-chips-fiber-comparison,815,60149,1,,,Article exists at a non-canonical URL shape; current router policy should 301 to www/trailing-slash.
P2,article,validate_current_301_to_canonical_url,https://daily-life-hacks.com/whole-wheat-vs-white-pasta-fiber,whole-wheat-vs-white-pasta-fiber,800,0,1,,,Article exists at a non-canonical URL shape; current router policy should 301 to www/trailing-slash.
P2,article,validate_current_301_to_canonical_url,https://daily-life-hacks.com/zinc-containing-foods-weekly-meals,zinc-containing-foods-weekly-meals,797,74182,1,,,Article exists at a non-canonical URL shape; current router policy should 301 to www/trailing-slash.
P2,article,validate_current_301_to_canonical_url,https://www.daily-life-hacks.com/30-day-high-fiber-challenge-meal-plan,30-day-high-fiber-challenge-meal-plan,752,,,1,10.0,Article exists at a non-canonical URL shape; current router policy should 301 to www/trailing-slash.
P2,static_page,document_static_page_policy,https://www.daily-life-hacks.com/about/,about,,,,1,2.0,Static site page is intentionally reachable; review only if it should be removed from search.
P2,article,validate_current_301_to_canonical_url,https://www.daily-life-hacks.com/easy-sourdough-discard-recipes-beginners,easy-sourdough-discard-recipes-beginners,734,,,1,100.0,Article exists at a non-canonical URL shape; current router policy should 301 to www/trailing-slash.
P2,article,validate_current_301_to_canonical_url,https://www.daily-life-hacks.com/sheet-pan-salmon-and-vegetables-30-minutes,sheet-pan-salmon-and-vegetables-30-minutes,706,,,1,8.0,Article exists at a non-canonical URL shape; current router policy should 301 to www/trailing-slash.
P2,legacy_redirect,validate_legacy_301_target,https://www.daily-life-hacks.com/tag/crockpot-meals/,cheap-crockpot-meals-large-families,783,,,1,8.0,Legacy URL has a permanent redirect rule; verify live 301 and request validation if it appears in GSC.
P2,legacy_redirect,validate_legacy_301_target,https://www.daily-life-hacks.com/tag/homecooking/,recipes,,,,1,7.0,Legacy URL has a permanent redirect rule; verify live 301 and request validation if it appears in GSC.
P2,legacy_redirect,validate_legacy_301_target,https://www.daily-life-hacks.com/tag/kitchenbasics/,tips,,,,1,9.0,Legacy URL has a permanent redirect rule; verify live 301 and request validation if it appears in GSC.
P2,legacy_redirect,validate_legacy_301_target,https://www.daily-life-hacks.com/tag/quickmeals/,recipes,,,,1,6.0,Legacy URL has a permanent redirect rule; verify live 301 and request validation if it appears in GSC.
P2,legacy_redirect,validate_legacy_301_target,https://www.daily-life-hacks.com/tag/stuffedmushrooms/,stuffed-portobello-mushrooms-quinoa-spinach-feta,679,,,1,8.0,Legacy URL has a permanent redirect rule; verify live 301 and request validation if it appears in GSC.
P2,legacy_redirect,validate_legacy_301_target,https://www.daily-life-hacks.com/tips/1/,tips,,,,1,7.0,Legacy URL has a permanent redirect rule; verify live 301 and request validation if it appears in GSC.
P2,home,document_no_action,https://daily-life-hacks.com,,,160603,0,,,Low-risk URL class; keep in report unless evidence changes.
P2,article,validate_current_301_to_canonical_url,https://daily-life-hacks.com/add-flavor-without-more-sugar-tricks,add-flavor-without-more-sugar-tricks,794,65776,0,,,Article exists at a non-canonical URL shape; current router policy should 301 to www/trailing-slash.
P2,article,validate_current_301_to_canonical_url,https://daily-life-hacks.com/artichoke-recipes-for-gut-health,artichoke-recipes-for-gut-health,768,0,0,,,Article exists at a non-canonical URL shape; current router policy should 301 to www/trailing-slash.
P2,legacy_redirect,validate_legacy_301_target,https://daily-life-hacks.com/artichoke-recipes-for-gut-health-guide,artichoke-recipes-for-gut-health,768,81072,0,,,Legacy URL has a permanent redirect rule; verify live 301 and request validation if it appears in GSC.
P2,article,validate_current_301_to_canonical_url,https://daily-life-hacks.com/balanced-breakfast-that-keeps-you-full,balanced-breakfast-that-keeps-you-full,734,64762,0,,,Article exists at a non-canonical URL shape; current router policy should 301 to www/trailing-slash.
P2,article,validate_current_301_to_canonical_url,https://daily-life-hacks.com/best-breakfast-foods-for-sustained-energy,best-breakfast-foods-for-sustained-energy,698,72043,0,,,Article exists at a non-canonical URL shape; current router policy should 301 to www/trailing-slash.
P2,article,validate_current_301_to_canonical_url,https://daily-life-hacks.com/best-high-fiber-fruits-for-weight-loss-list,best-high-fiber-fruits-for-weight-loss-list,796,51825,0,,,Article exists at a non-canonical URL shape; current router policy should 301 to www/trailing-slash.
P2,article,validate_current_301_to_canonical_url,https://daily-life-hacks.com/best-low-cost-protein-sources-large-families,best-low-cost-protein-sources-large-families,874,74010,0,,,Article exists at a non-canonical URL shape; current router policy should 301 to www/trailing-slash.
P2,article,validate_current_301_to_canonical_url,https://daily-life-hacks.com/best-way-to-store-avocados-to-stop-browning,best-way-to-store-avocados-to-stop-browning,703,74393,0,,,Article exists at a non-canonical URL shape; current router policy should 301 to www/trailing-slash.
P2,article,validate_current_301_to_canonical_url,https://daily-life-hacks.com/big-flavor-less-salt-citrus-herbs-umami-swaps,big-flavor-less-salt-citrus-herbs-umami-swaps,712,66442,0,,,Article exists at a non-canonical URL shape; current router policy should 301 to www/trailing-slash.
P2,article,validate_current_301_to_canonical_url,https://daily-life-hacks.com/black-bean-brownies-hidden-fiber-dessert,black-bean-brownies-hidden-fiber-dessert,695,0,0,,,Article exists at a non-canonical URL shape; current router policy should 301 to www/trailing-slash.
P2,article,validate_current_301_to_canonical_url,https://daily-life-hacks.com/budget-meal-ideas-philippines,budget-meal-ideas-philippines,810,0,0,,,Article exists at a non-canonical URL shape; current router policy should 301 to www/trailing-slash.
P2,article,validate_current_301_to_canonical_url,https://daily-life-hacks.com/camping-meal-hacks-large-families,camping-meal-hacks-large-families,879,73258,0,,,Article exists at a non-canonical URL shape; current router policy should 301 to www/trailing-slash.
P2,unmatched,ignore_stale_unmatched_zero_impression,https://daily-life-hacks.com/carchecker,,,177467,0,,,"Bing once saw a 200, but the export has zero impressions; verify live only if it reappears."
P2,article,validate_current_301_to_canonical_url,https://daily-life-hacks.com/cauliflower-fried-rice-with-eggs,cauliflower-fried-rice-with-eggs,784,83411,0,,,Article exists at a non-canonical URL shape; current router policy should 301 to www/trailing-slash.
P2,article,validate_current_301_to_canonical_url,https://daily-life-hacks.com/cheap-chicken-casserole-meals-large-families,cheap-chicken-casserole-meals-large-families,818,83673,0,,,Article exists at a non-canonical URL shape; current router policy should 301 to www/trailing-slash.
P2,article,validate_current_301_to_canonical_url,https://daily-life-hacks.com/cheap-crockpot-meals-large-families,cheap-crockpot-meals-large-families,783,86489,0,,,Article exists at a non-canonical URL shape; current router policy should 301 to www/trailing-slash.
P2,article,validate_current_301_to_canonical_url,https://daily-life-hacks.com/chia-pudding-variations-for-breakfast,chia-pudding-variations-for-breakfast,830,0,0,,,Article exists at a non-canonical URL shape; current router policy should 301 to www/trailing-slash.
P2,article,validate_current_301_to_canonical_url,https://daily-life-hacks.com/comparing-fiber-content-different-pizza-crusts,comparing-fiber-content-different-pizza-crusts,818,0,0,,,Article exists at a non-canonical URL shape; current router policy should 301 to www/trailing-slash.
P2,article,validate_current_301_to_canonical_url,https://daily-life-hacks.com/creamy-mushroom-barley-risotto-hands-off,creamy-mushroom-barley-risotto-hands-off,705,0,0,,,Article exists at a non-canonical URL shape; current router policy should 301 to www/trailing-slash.
P2,article,validate_current_301_to_canonical_url,https://daily-life-hacks.com/crispy-roasted-chickpeas-high-fiber-snack,crispy-roasted-chickpeas-high-fiber-snack,705,57879,0,,,Article exists at a non-canonical URL shape; current router policy should 301 to www/trailing-slash.
P2,article,validate_current_301_to_canonical_url,https://daily-life-hacks.com/crispy-smashed-potato-salad-dijon-herbs,crispy-smashed-potato-salad-dijon-herbs,695,0,0,,,Article exists at a non-canonical URL shape; current router policy should 301 to www/trailing-slash.
P2,article,validate_current_301_to_canonical_url,https://daily-life-hacks.com/cutting-board-basics-which-to-use,cutting-board-basics-which-to-use,739,73188,0,,,Article exists at a non-canonical URL shape; current router policy should 301 to www/trailing-slash.
P2,article,validate_current_301_to_canonical_url,https://daily-life-hacks.com/easy-black-bean-tacos-weeknight-dinner,easy-black-bean-tacos-weeknight-dinner,699,79075,0,,,Article exists at a non-canonical URL shape; current router policy should 301 to www/trailing-slash.
P2,article,validate_current_301_to_canonical_url,https://daily-life-hacks.com/easy-high-fiber-breakfast-ideas-for-gut-health,easy-high-fiber-breakfast-ideas-for-gut-health,708,0,0,,,Article exists at a non-canonical URL shape; current router policy should 301 to www/trailing-slash.
P2,article,validate_current_301_to_canonical_url,https://daily-life-hacks.com/easy-one-pot-chicken-and-rice-dinner,easy-one-pot-chicken-and-rice-dinner,706,80542,0,,,Article exists at a non-canonical URL shape; current router policy should 301 to www/trailing-slash.
P2,article,validate_current_301_to_canonical_url,https://daily-life-hacks.com/easy-sandwich-bread-recipe-beginners,easy-sandwich-bread-recipe-beginners,723,84297,0,,,Article exists at a non-canonical URL shape; current router policy should 301 to www/trailing-slash.
P2,article,validate_current_301_to_canonical_url,https://daily-life-hacks.com/easy-sourdough-discard-pizza-dough-no-yeast,easy-sourdough-discard-pizza-dough-no-yeast,640,0,0,,,Article exists at a non-canonical URL shape; current router policy should 301 to www/trailing-slash.
P2,article,validate_current_301_to_canonical_url,https://daily-life-hacks.com/easy-sourdough-discard-recipes-beginners,easy-sourdough-discard-recipes-beginners,734,85524,0,,,Article exists at a non-canonical URL shape; current router policy should 301 to www/trailing-slash.
P2,article,validate_current_301_to_canonical_url,https://daily-life-hacks.com/farro-lunch-bowl-roasted-vegetables-lemon-tahini,farro-lunch-bowl-roasted-vegetables-lemon-tahini,827,86370,0,,,Article exists at a non-canonical URL shape; current router policy should 301 to www/trailing-slash.
P2,article,validate_current_301_to_canonical_url,https://daily-life-hacks.com/fiber-rich-soup-for-weight-loss-cabbage,fiber-rich-soup-for-weight-loss-cabbage,726,0,0,,,Article exists at a non-canonical URL shape; current router policy should 301 to www/trailing-slash.
P2,article,validate_current_301_to_canonical_url,https://daily-life-hacks.com/freezer-meal-prep-ideas-for-beginners,freezer-meal-prep-ideas-for-beginners,729,0,0,,,Article exists at a non-canonical URL shape; current router policy should 301 to www/trailing-slash.
P2,article,validate_current_301_to_canonical_url,https://daily-life-hacks.com/frozen-vs-fresh-produce-when-to-buy,frozen-vs-fresh-produce-when-to-buy,751,72526,0,,,Article exists at a non-canonical URL shape; current router policy should 301 to www/trailing-slash.
P2,article,validate_current_301_to_canonical_url,https://daily-life-hacks.com/grab-and-go-fridge-snack-drawer,grab-and-go-fridge-snack-drawer,707,66653,0,,,Article exists at a non-canonical URL shape; current router policy should 301 to www/trailing-slash.
P2,article,validate_current_301_to_canonical_url,https://daily-life-hacks.com/grocery-shopping-list-for-healthy-eating-on-a-budget,grocery-shopping-list-for-healthy-eating-on-a-budget,715,0,0,,,Article exists at a non-canonical URL shape; current router policy should 301 to www/trailing-slash.
P2,article,validate_current_301_to_canonical_url,https://daily-life-hacks.com/gut-friendly-high-fiber-smoothies-for-daily-wellness,gut-friendly-high-fiber-smoothies-for-daily-wellness,803,52354,0,,,Article exists at a non-canonical URL shape; current router policy should 301 to www/trailing-slash.
P2,article,validate_current_301_to_canonical_url,https://daily-life-hacks.com/health-benefits-eating-soup-in-spring,health-benefits-eating-soup-in-spring,770,0,0,,,Article exists at a non-canonical URL shape; current router policy should 301 to www/trailing-slash.
P2,article,validate_current_301_to_canonical_url,https://daily-life-hacks.com/healthy-alternatives-potato-chips-snacking,healthy-alternatives-potato-chips-snacking,862,73594,0,,,Article exists at a non-canonical URL shape; current router policy should 301 to www/trailing-slash.
P2,article,validate_current_301_to_canonical_url,https://daily-life-hacks.com/healthy-alternatives-white-rice-dinner,healthy-alternatives-white-rice-dinner,900,0,0,,,Article exists at a non-canonical URL shape; current router policy should 301 to www/trailing-slash.
P2,article,validate_current_301_to_canonical_url,https://daily-life-hacks.com/healthy-fats-list-foods-to-eat-daily,healthy-fats-list-foods-to-eat-daily,687,72513,0,,,Article exists at a non-canonical URL shape; current router policy should 301 to www/trailing-slash.
P2,article,validate_current_301_to_canonical_url,https://daily-life-hacks.com/healthy-homemade-dumpling-wrapper-recipe,healthy-homemade-dumpling-wrapper-recipe,710,0,0,,,Article exists at a non-canonical URL shape; current router policy should 301 to www/trailing-slash.
P2,article,validate_current_301_to_canonical_url,https://daily-life-hacks.com/healthy-homemade-indian-salad-dressing-recipes,healthy-homemade-indian-salad-dressing-recipes,924,81436,0,,,Article exists at a non-canonical URL shape; current router policy should 301 to www/trailing-slash.
P2,article,validate_current_301_to_canonical_url,https://daily-life-hacks.com/healthy-homemade-vegan-caesar-salad-dressing,healthy-homemade-vegan-caesar-salad-dressing,630,86186,0,,,Article exists at a non-canonical URL shape; current router policy should 301 to www/trailing-slash.
P2,article,validate_current_301_to_canonical_url,https://daily-life-hacks.com/healthy-spring-vegetable-soup-recipes,healthy-spring-vegetable-soup-recipes,745,81903,0,,,Article exists at a non-canonical URL shape; current router policy should 301 to www/trailing-slash.
P2,article,validate_current_301_to_canonical_url,https://daily-life-hacks.com/hidden-sugars-popular-summer-salad-dressings,hidden-sugars-popular-summer-salad-dressings,826,74530,0,,,Article exists at a non-canonical URL shape; current router policy should 301 to www/trailing-slash.
P2,article,validate_current_301_to_canonical_url,https://daily-life-hacks.com/high-fiber-avocado-toast-variations,high-fiber-avocado-toast-variations,700,80462,0,,,Article exists at a non-canonical URL shape; current router policy should 301 to www/trailing-slash.
P2,article,validate_current_301_to_canonical_url,https://daily-life-hacks.com/high-fiber-bran-muffins-that-taste-good,high-fiber-bran-muffins-that-taste-good,699,84788,0,,,Article exists at a non-canonical URL shape; current router policy should 301 to www/trailing-slash.
P2,article,validate_current_301_to_canonical_url,https://daily-life-hacks.com/high-fiber-burrito-bowl-meal-prep,high-fiber-burrito-bowl-meal-prep,785,83505,0,,,Article exists at a non-canonical URL shape; current router policy should 301 to www/trailing-slash.
P2,article,validate_current_301_to_canonical_url,https://daily-life-hacks.com/high-fiber-cauliflower-rice-recipes,high-fiber-cauliflower-rice-recipes,729,82627,0,,,Article exists at a non-canonical URL shape; current router policy should 301 to www/trailing-slash.
P2,article,validate_current_301_to_canonical_url,https://daily-life-hacks.com/high-fiber-dinner-recipes-picky-kids,high-fiber-dinner-recipes-picky-kids,717,0,0,,,Article exists at a non-canonical URL shape; current router policy should 301 to www/trailing-slash.
P2,article,validate_current_301_to_canonical_url,https://daily-life-hacks.com/high-fiber-meal-prep-ideas-for-busy-weeks-2026,high-fiber-meal-prep-ideas-for-busy-weeks-2026,831,82682,0,,,Article exists at a non-canonical URL shape; current router policy should 301 to www/trailing-slash.
P2,article,validate_current_301_to_canonical_url,https://daily-life-hacks.com/high-fiber-meals-for-constipation-relief,high-fiber-meals-for-constipation-relief,714,0,0,,,Article exists at a non-canonical URL shape; current router policy should 301 to www/trailing-slash.
P2,article,validate_current_301_to_canonical_url,https://daily-life-hacks.com/high-fiber-pasta-alternatives,high-fiber-pasta-alternatives,839,51856,0,,,Article exists at a non-canonical URL shape; current router policy should 301 to www/trailing-slash.
P2,article,validate_current_301_to_canonical_url,https://daily-life-hacks.com/high-protein-high-fiber-meals-for-weight-loss,high-protein-high-fiber-meals-for-weight-loss,729,73360,0,,,Article exists at a non-canonical URL shape; current router policy should 301 to www/trailing-slash.
P2,article,validate_current_301_to_canonical_url,https://daily-life-hacks.com/high-protein-vs-high-fiber-satiety,high-protein-vs-high-fiber-satiety,872,73250,0,,,Article exists at a non-canonical URL shape; current router policy should 301 to www/trailing-slash.
P2,article,validate_current_301_to_canonical_url,https://daily-life-hacks.com/how-to-choose-granola-not-dessert,how-to-choose-granola-not-dessert,758,68503,0,,,Article exists at a non-canonical URL shape; current router policy should 301 to www/trailing-slash.
P2,article,validate_current_301_to_canonical_url,https://daily-life-hacks.com/how-to-clean-blender-fast-no-scrub,how-to-clean-blender-fast-no-scrub,742,66970,0,,,Article exists at a non-canonical URL shape; current router policy should 301 to www/trailing-slash.
P2,article,validate_current_301_to_canonical_url,https://daily-life-hacks.com/how-to-cook-dried-beans-from-scratch,how-to-cook-dried-beans-from-scratch,708,56030,0,,,Article exists at a non-canonical URL shape; current router policy should 301 to www/trailing-slash.
P2,article,validate_current_301_to_canonical_url,https://daily-life-hacks.com/how-to-cool-rice-for-fried-rice,how-to-cool-rice-for-fried-rice,838,73893,0,,,Article exists at a non-canonical URL shape; current router policy should 301 to www/trailing-slash.
P2,article,validate_current_301_to_canonical_url,https://daily-life-hacks.com/how-to-increase-fiber-intake-without-gas,how-to-increase-fiber-intake-without-gas,845,51866,0,,,Article exists at a non-canonical URL shape; current router policy should 301 to www/trailing-slash.
P2,article,validate_current_301_to_canonical_url,https://daily-life-hacks.com/how-to-keep-sandwiches-from-getting-soggy,how-to-keep-sandwiches-from-getting-soggy,869,73084,0,,,Article exists at a non-canonical URL shape; current router policy should 301 to www/trailing-slash.
P2,article,validate_current_301_to_canonical_url,https://daily-life-hacks.com/how-to-make-grocery-shopping-cheaper,how-to-make-grocery-shopping-cheaper,741,0,0,,,Article exists at a non-canonical URL shape; current router policy should 301 to www/trailing-slash.
P2,article,validate_current_301_to_canonical_url,https://daily-life-hacks.com/how-to-make-sourdough-pizza-dough-same-day,how-to-make-sourdough-pizza-dough-same-day,747,72910,0,,,Article exists at a non-canonical URL shape; current router policy should 301 to www/trailing-slash.
P2,article,validate_current_301_to_canonical_url,https://daily-life-hacks.com/how-to-meal-prep-on-a-budget-for-one-person,how-to-meal-prep-on-a-budget-for-one-person,710,0,0,,,Article exists at a non-canonical URL shape; current router policy should 301 to www/trailing-slash.
P2,article,validate_current_301_to_canonical_url,https://daily-life-hacks.com/how-to-organize-a-small-kitchen-on-a-budget,how-to-organize-a-small-kitchen-on-a-budget,727,74018,0,,,Article exists at a non-canonical URL shape; current router policy should 301 to www/trailing-slash.
P2,article,validate_current_301_to_canonical_url,https://daily-life-hacks.com/how-to-pack-cold-pasta-salad-picnics,how-to-pack-cold-pasta-salad-picnics,864,75397,0,,,Article exists at a non-canonical URL shape; current router policy should 301 to www/trailing-slash.
P2,article,validate_current_301_to_canonical_url,https://daily-life-hacks.com/how-to-prep-high-protein-lunches-work,how-to-prep-high-protein-lunches-work,827,73468,0,,,Article exists at a non-canonical URL shape; current router policy should 301 to www/trailing-slash.
P2,article,validate_current_301_to_canonical_url,https://daily-life-hacks.com/how-to-read-nutrition-labels-for-beginners,how-to-read-nutrition-labels-for-beginners,732,0,0,,,Article exists at a non-canonical URL shape; current router policy should 301 to www/trailing-slash.
P2,article,validate_current_301_to_canonical_url,https://daily-life-hacks.com/how-to-reduce-food-waste-at-home-easy-tips,how-to-reduce-food-waste-at-home-easy-tips,709,0,0,,,Article exists at a non-canonical URL shape; current router policy should 301 to www/trailing-slash.
P2,article,validate_current_301_to_canonical_url,https://daily-life-hacks.com/how-to-season-cast-iron-skillet-properly,how-to-season-cast-iron-skillet-properly,724,56288,0,,,Article exists at a non-canonical URL shape; current router policy should 301 to www/trailing-slash.
P2,article,validate_current_301_to_canonical_url,https://daily-life-hacks.com/how-to-store-fresh-herbs-to-last-longer,how-to-store-fresh-herbs-to-last-longer,711,0,0,,,Article exists at a non-canonical URL shape; current router policy should 301 to www/trailing-slash.
P2,article,validate_current_301_to_canonical_url,https://daily-life-hacks.com/how-to-store-fruits-and-vegetables-properly,how-to-store-fruits-and-vegetables-properly,711,0,0,,,Article exists at a non-canonical URL shape; current router policy should 301 to www/trailing-slash.
P2,article,validate_current_301_to_canonical_url,https://daily-life-hacks.com/how-to-store-homemade-salad-dressing-safely,how-to-store-homemade-salad-dressing-safely,830,74244,0,,,Article exists at a non-canonical URL shape; current router policy should 301 to www/trailing-slash.
P2,article,validate_current_301_to_canonical_url,https://daily-life-hacks.com/how-to-stretch-meals-large-families,how-to-stretch-meals-large-families,807,73508,0,,,Article exists at a non-canonical URL shape; current router policy should 301 to www/trailing-slash.
P2,article,validate_current_301_to_canonical_url,https://daily-life-hacks.com/how-to-use-leftover-rice-creative-ideas,how-to-use-leftover-rice-creative-ideas,708,53618,0,,,Article exists at a non-canonical URL shape; current router policy should 301 to www/trailing-slash.
P2,article,validate_current_301_to_canonical_url,https://daily-life-hacks.com/lentil-curry-high-fiber-vegan-dinner,lentil-curry-high-fiber-vegan-dinner,841,84249,0,,,Article exists at a non-canonical URL shape; current router policy should 301 to www/trailing-slash.
P2,article,validate_current_301_to_canonical_url,https://daily-life-hacks.com/low-cost-protein-meal-hacks-families,low-cost-protein-meal-hacks-families,787,74835,0,,,Article exists at a non-canonical URL shape; current router policy should 301 to www/trailing-slash.
P2,article,validate_current_301_to_canonical_url,https://daily-life-hacks.com/macronutrient-breakdown-healthy-egg-sandwich,macronutrient-breakdown-healthy-egg-sandwich,711,74095,0,,,Article exists at a non-canonical URL shape; current router policy should 301 to www/trailing-slash.
P2,article,validate_current_301_to_canonical_url,https://daily-life-hacks.com/make-ahead-breakfast-ideas-without-eggs,make-ahead-breakfast-ideas-without-eggs,730,0,0,,,Article exists at a non-canonical URL shape; current router policy should 301 to www/trailing-slash.
P2,legacy_gone,keep_410_noindex,https://daily-life-hacks.com/most-very-important-guidance-skill-set,,,0,0,,,Legacy URL is intentionally gone with noindex; keep unless fresh evidence shows a useful replacement.
P2,article,validate_current_301_to_canonical_url,https://daily-life-hacks.com/no-bake-high-fiber-energy-balls-recipe,no-bake-high-fiber-energy-balls-recipe,787,73768,0,,,Article exists at a non-canonical URL shape; current router policy should 301 to www/trailing-slash.
P2,article,validate_current_301_to_canonical_url,https://daily-life-hacks.com/quick-20-minute-high-fiber-meals-for-busy-days,quick-20-minute-high-fiber-meals-for-busy-days,837,59629,0,,,Article exists at a non-canonical URL shape; current router policy should 301 to www/trailing-slash.
P2,unmatched,ignore_stale_unmatched_zero_impression,https://daily-life-hacks.com/reheat-pizza-crust-stays-crisp,,,72351,0,,,"Bing once saw a 200, but the export has zero impressions; verify live only if it reappears."
P2,article,validate_current_301_to_canonical_url,https://daily-life-hacks.com/sheet-pan-salmon-and-vegetables-30-minutes,sheet-pan-salmon-and-vegetables-30-minutes,706,60229,0,,,Article exists at a non-canonical URL shape; current router policy should 301 to www/trailing-slash.
P2,article,validate_current_301_to_canonical_url,https://daily-life-hacks.com/tabbouleh-salad-high-fiber-bulgur,tabbouleh-salad-high-fiber-bulgur,780,0,0,,,Article exists at a non-canonical URL shape; current router policy should 301 to www/trailing-slash.
P2,article,validate_current_301_to_canonical_url,https://daily-life-hacks.com/tuscan-white-bean-kale-soup-stovetop,tuscan-white-bean-kale-soup-stovetop,768,75224,0,,,Article exists at a non-canonical URL shape; current router policy should 301 to www/trailing-slash.
P2,legacy_gone,keep_410_noindex,https://daily-life-hacks.com/usual-excuses-made-by-high-conflict-parents,,,0,0,,,Legacy URL is intentionally gone with noindex; keep unless fresh evidence shows a useful replacement.
P2,article,validate_current_301_to_canonical_url,https://daily-life-hacks.com/vegan-high-fiber-meal-prep-for-week,vegan-high-fiber-meal-prep-for-week,823,0,0,,,Article exists at a non-canonical URL shape; current router policy should 301 to www/trailing-slash.
P2,article,validate_current_301_to_canonical_url,https://daily-life-hacks.com/vegetarian-high-fiber-dinners-for-natural-relief,vegetarian-high-fiber-dinners-for-natural-relief,731,0,0,,,Article exists at a non-canonical URL shape; current router policy should 301 to www/trailing-slash.
P2,article,validate_current_301_to_canonical_url,https://daily-life-hacks.com/water-and-fiber-the-golden-rule,water-and-fiber-the-golden-rule,845,0,0,,,Article exists at a non-canonical URL shape; current router policy should 301 to www/trailing-slash.
