pin_id,pin_title,description,hashtags,alt_text,board,affiliate_link,date,category,slug,variant,image_filename,site_url,status,content_brief,target_words,key_points
1,High Fiber Meals for Constipation Relief 2026,"Struggling with constipation? Discover natural high-fiber meals that provide gentle, effective relief using whole foods like oats, beans, cabbage and veggies. Easy recipes for better gut health, regularity and energy! Save and try today! #HighFiberDiet #GutHealth #ConstipationRelief #NaturalRemedies #HighFiberMeals",#HighFiber #GutHealthRecipes #ConstipationRelief #NaturalFiber #HealthyEating2026,"High Fiber Meals for Constipation Relief 2026 - appetizing bowl with colorful ingredients with oats, beans, fresh vegetables for natural digestive relief",High Fiber Dinner and Gut Health Recipes,,,recipes,high-fiber-meals-for-constipation-relief,1,high-fiber-meals-for-constipation-relief_v1.jpg,https://www.daily-life-hacks.com/high-fiber-meals-for-constipation-relief?utm_content=v1,draft,"Write a recipe article featuring a High Fiber Black Bean & Veggie Power Bowl. Include ONE main recipe with exact measurements (black beans, brown rice, roasted broccoli, shredded cabbage, carrots, olive oil, cumin, lime). Provide full nutritional info. Add 3 variation ideas (swap grains, swap beans, add protein). Include a section on how fiber supports digestive regularity. Meal prep tips for 4-day storage.",1200,one main recipe with exact quantities; 3 variations; meal prep tips; fiber and digestion section
2,Easy High Fiber Breakfast Ideas for Gut Health,"Kickstart your morning with these simple, gut-loving high-fiber breakfasts. Chia pudding, overnight oats and veggie smoothies to keep you full and support microbiome health all day! Perfect for busy lifestyles. #HighFiberBreakfast #GutFriendly #HealthyStart",#HighFiberBreakfast #GutHealth #EasyRecipes #HealthyBreakfastIdeas #FiberRich,"Easy High Fiber Breakfast Ideas for Gut Health - beautiful breakfast bowls with fresh toppings with oats, chia seeds for a healthy morning","Healthy Breakfast, Smoothies and Snacks",,2026-02-02,recipes,easy-high-fiber-breakfast-ideas-for-gut-health,1,easy-high-fiber-breakfast-ideas-for-gut-health_v1.jpg,https://www.daily-life-hacks.com/easy-high-fiber-breakfast-ideas-for-gut-health?utm_content=v1,draft,"Write a nutrition article featuring 3 easy high-fiber breakfast ideas: (1) Chia Seed Pudding with exact recipe and measurements, (2) Overnight Oats with exact recipe, (3) Green Veggie Smoothie with exact recipe. Each must include full ingredient list with quantities, step-by-step instructions, and customization ideas. Add a section on why fiber matters for gut microbiome. Include meal prep tips for each.",1400,3 complete mini-recipes with exact measurements; customization per recipe; gut microbiome section; meal prep tips; hydration reminder
3,30 Day High Fiber Challenge Meal Plan 2026,"Transform your digestion naturally in 30 days! Full meal plan with high-fiber recipes, shopping lists, daily tips and progress tracker for better gut health and regularity. Gut glow guaranteed! #HighFiberChallenge #30DayPlan #GutHealthJourney",#HighFiberChallenge #GutHealthPlan #30DayFiber #NaturalDigestion #HealthyHabits2026,30 Day High Fiber Challenge Meal Plan 2026 - organized infographic chart for digestive wellness,Gut Health Tips and Nutrition Charts,,2026-04-02,nutrition,30-day-high-fiber-challenge-meal-plan,1,30-day-high-fiber-challenge-meal-plan_v1.jpg,https://www.daily-life-hacks.com/30-day-high-fiber-challenge-meal-plan?utm_content=v1,draft,"Write a comprehensive 30-day high-fiber meal plan guide. Structure as Week 1-4 with increasing fiber targets (Week 1: 20g, Week 2: 25g, Week 3: 28g, Week 4: 30g+). Provide 3-4 sample meals per week with fiber gram counts. Include a printable shopping list concept for each week. Tips on gradually increasing fiber to avoid bloating. Daily water intake recommendations alongside fiber goals.",1500,4-week progressive structure; sample meals with fiber grams; shopping list ideas; gradual increase tips; hydration pairing
4,High Protein High Fiber Meals for Weight Loss 2026,"Stay satisfied and lose weight naturally! Delicious high-protein + high-fiber meals with lean chicken, lentils, veggies and whole grains. Sustainable and gut-friendly for long-term results. #HighProteinHighFiber #WeightLossMeals",#HighProtein #HighFiber #WeightLossRecipes #HealthyMeals #GutFriendly,"High Protein High Fiber Meals for Weight Loss 2026 - professionally plated meal with lentils, fresh vegetables, whole grains for natural nutrition",High Fiber Dinner and Gut Health Recipes,,2026-05-02,recipes,high-protein-high-fiber-meals-for-weight-loss,1,high-protein-high-fiber-meals-for-weight-loss_v1.jpg,https://www.daily-life-hacks.com/high-protein-high-fiber-meals-for-weight-loss?utm_content=v1,draft,"Write a recipe article for high-protein high-fiber meals for weight management. Feature ONE main recipe: Grilled Chicken & Lentil Bowl with roasted vegetables (exact measurements, ~450 cal, 35g protein, 12g fiber). Add 4 more meal ideas with brief descriptions and macros: turkey chili, salmon quinoa bowl, chickpea stir-fry, egg & black bean breakfast wrap. Focus on satiety and how protein+fiber combo helps with fullness.",1300,one detailed main recipe; 4 additional meal ideas with macros; protein+fiber satiety science; portion guidance
5,Vegetarian High Fiber Dinners for Natural Relief,"Plant-powered dinners packed with fiber to ease digestion gently. Beans, lentils, cabbage and grains recipes – family-friendly, delicious and effective for regularity! #VegetarianHighFiber #PlantBasedDinners",#VegetarianRecipes #HighFiberDinner #NaturalRelief #PlantBased #GutHealth,"Vegetarian High Fiber Dinners for Natural Relief - appetizing bowl with colorful ingredients with beans, lentils, cabbage for natural nutrition",High Fiber Dinner and Gut Health Recipes,,2026-05-02,recipes,vegetarian-high-fiber-dinners-for-natural-relief,1,vegetarian-high-fiber-dinners-for-natural-relief_v1.jpg,https://www.daily-life-hacks.com/vegetarian-high-fiber-dinners-for-natural-relief?utm_content=v1,draft,"Write a recipe article featuring 5 vegetarian high-fiber dinner ideas. Lead with ONE full recipe: Stuffed Bell Peppers with Quinoa, Black Beans & Corn (exact measurements, 380 cal). Then provide 4 more dinner concepts with key ingredients and brief instructions: lentil bolognese, chickpea coconut curry, sweet potato & black bean tacos, mushroom barley stew. Emphasize that plant-based meals are naturally fiber-rich.",1300,one full recipe; 4 dinner concepts; all vegetarian; fiber counts per meal; plant-based fiber advantage
6,Quick 20 Minute High Fiber Meals for Busy Days,No time? These 20-minute high-fiber meals deliver gut support and satisfaction fast! Perfect weeknight dinners with simple ingredients. #QuickHighFiber #EasyHealthyMeals,#QuickMeals #HighFiber #BusyLifestyle #HealthyDinners #20MinuteRecipes,Quick 20 Minute High Fiber Meals for Busy Days - dynamic cooking action shot for natural nutrition,High Fiber Dinner and Gut Health Recipes,,2026-07-02,recipes,quick-20-minute-high-fiber-meals-for-busy-days,1,quick-20-minute-high-fiber-meals-for-busy-days_v1.jpg,https://www.daily-life-hacks.com/quick-20-minute-high-fiber-meals-for-busy-days?utm_content=v1,draft,"Write a recipe article with 5 high-fiber meals that take 20 minutes or less. Each must include full recipe with exact measurements and realistic cook time. Ideas: (1) Black bean quesadilla with veggies, (2) Chickpea & spinach stir-fry, (3) Whole wheat pasta with white beans & garlic, (4) Lentil & vegetable wrap, (5) Quick oat & veggie savory bowl. Focus on busy weeknight convenience. Include a time-saving tips section.",1300,5 complete recipes all under 20 min; exact measurements; time-saving tips; realistic timing
7,High Fiber Cabbage Recipes The 2026 Superfood Trend,"Cabbage is 2026's rising star! Gut-loving high-fiber cabbage recipes for digestion, weight and health. Trendy slaws, stir-fries and more! #CabbageSuperfood #FiberTrend2026",#CabbageRecipes #HighFiber #GutSuperfood #2026Trends #HealthyEating,High Fiber Cabbage Recipes The 2026 Superfood Trend - professionally plated meal with cabbage for natural nutrition,High Fiber Dinner and Gut Health Recipes,,2026-06-02,recipes,high-fiber-cabbage-recipes-the-2026-superfood-trend,1,high-fiber-cabbage-recipes-the-2026-superfood-trend_v1.jpg,https://www.daily-life-hacks.com/high-fiber-cabbage-recipes-the-2026-superfood-trend?utm_content=v1,draft,"Write a recipe article celebrating cabbage as a high-fiber superfood. Feature ONE main recipe: Crunchy Asian Cabbage Slaw with Peanut Dressing (exact measurements). Add 3 more cabbage recipes: roasted cabbage steaks, cabbage & white bean soup, stuffed cabbage rolls. Include a nutrition spotlight section on cabbage (fiber per cup, vitamins C and K, low calorie). Why cabbage is trending in 2026.",1200,one main recipe; 3 additional cabbage recipes; cabbage nutrition facts; 2026 trend angle
8,High Fiber Meal Prep Ideas for Busy Weeks 2026,"Prep once, thrive all week! High-fiber meal prep containers with oats, beans, veggies and grains. Save time and support digestion effortlessly. #HighFiberMealPrep #WeeklyPrep",#MealPrep #HighFiber #HealthyPlanning #GutHealthPrep #BusyWeekMeals,"High Fiber Meal Prep Ideas for Busy Weeks 2026 - overhead view of prepared meal with oats, beans, fresh vegetables for weekly meal planning",High Fiber Dinner and Gut Health Recipes,,2026-08-02,recipes,high-fiber-meal-prep-ideas-for-busy-weeks,1,high-fiber-meal-prep-ideas-for-busy-weeks_v1.jpg,https://www.daily-life-hacks.com/high-fiber-meal-prep-ideas-for-busy-weeks?utm_content=v1,draft,"Write a practical guide to high-fiber meal prep for the week. Provide a complete Sunday prep plan: cook 2 grains (brown rice + quinoa), prep 2 proteins, roast 3 vegetables, make 1 sauce. Show how these components combine into 5 different meals (Mon-Fri) with exact portions. Include storage instructions, container tips, and reheating guidelines. Add a printable-style prep checklist.",1400,complete Sunday prep plan; 5 weekday meal combinations; storage and reheating tips; component-based system
9,Ultimate High Fiber Foods List for Constipation Relief,"Top 50+ high-fiber foods that fight constipation naturally! Printable list with easy daily tips using prunes, oats, beans and more. #HighFiberFoods #ConstipationFoodsList",#FiberFoods #NaturalRelief #ConstipationTips #GutHealthList #HealthyFoods,"Ultimate High Fiber Foods List for Constipation Relief - appetizing bowl with colorful ingredients with oats, beans for natural digestive relief",Gut Health Tips and Nutrition Charts,,2026-09-02,nutrition,ultimate-high-fiber-foods-list-for-constipation-relief,1,ultimate-high-fiber-foods-list-for-constipation-relief_v1.jpg,https://www.daily-life-hacks.com/ultimate-high-fiber-foods-list-for-constipation-relief?utm_content=v1,draft,"Write a comprehensive list article of the best high-fiber foods for digestive regularity. Organize by category: Fruits (raspberries, pears, apples, bananas), Vegetables (broccoli, artichoke, Brussels sprouts, carrots), Legumes (lentils, black beans, chickpeas), Grains (oats, quinoa, barley, bulgur), Nuts & Seeds (chia, flax, almonds). Include fiber grams per serving for each food. Add a section on daily recommended intake (25-30g).",1200,organized by food category; fiber grams per serving for each item; daily intake recommendation; at least 20 foods listed
10,Gut Friendly High Fiber Smoothies for Daily Wellness,"Blend gut health into your day! High-fiber smoothies with chia, berries, spinach and oats for natural regularity and energy. Delicious and easy! #GutFriendlySmoothies #HighFiberDrinks",#SmoothieRecipes #GutHealth #HighFiber #HealthyDrinks #DailyWellness,"Gut Friendly High Fiber Smoothies for Daily Wellness - vibrant layered smoothie with fresh ingredients with oats, berries, spinach for digestive wellness","Healthy Breakfast, Smoothies and Snacks",,2026-09-02,recipes,gut-friendly-high-fiber-smoothies-for-daily-wellness,1,gut-friendly-high-fiber-smoothies-for-daily-wellness_v1.jpg,https://www.daily-life-hacks.com/gut-friendly-high-fiber-smoothies-for-daily-wellness?utm_content=v1,draft,"Write a recipe article with 4 gut-friendly high-fiber smoothie recipes. Each with exact measurements: (1) Green Goddess: spinach, banana, chia, almond milk, (2) Berry Blast: mixed berries, oats, flax, yogurt, (3) Tropical Fiber: mango, kale, coconut water, hemp seeds, (4) Chocolate Power: cocoa, banana, peanut butter, oats, almond milk. Include fiber count per smoothie. Tips on blending order and consistency. Smoothie pack prep-ahead instructions.",1200,4 complete smoothie recipes; fiber grams per smoothie; blending tips; freezer pack prep method
11,No-Bake High Fiber Energy Balls Recipe 2026,"Craving a sweet snack? These no-bake high fiber energy balls are packed with oats, flaxseeds and dates. Perfect for constipation relief and energy boosts! 5 mins prep. #EnergyBalls #HighFiberSnack #HealthySnacks",#EnergyBalls #HighFiber #HealthySnacks #GutHealth #ConstipationRelief,"No-Bake High Fiber Energy Balls Recipe 2026 - detailed close-up shot with oats, flaxseeds, seeds for natural digestive relief","Healthy Breakfast, Smoothies and Snacks",,,recipes,no-bake-high-fiber-energy-balls-recipe,1,no-bake-high-fiber-energy-balls-recipe_v1.jpg,https://www.daily-life-hacks.com/no-bake-high-fiber-energy-balls-recipe?utm_content=v1,draft,"Write a recipe article for no-bake high-fiber energy balls. Feature ONE main recipe: Oat & Date Energy Balls (rolled oats, Medjool dates, almond butter, chia seeds, dark chocolate chips, honey - exact measurements, makes 15 balls, ~120 cal each). Add 3 flavor variations: Coconut Lime, Peanut Butter Banana, Cinnamon Raisin. Include storage instructions (fridge 1 week, freezer 3 months). Prep time should be 10 minutes, no cooking required.",1000,one detailed main recipe; 3 flavor variations; per-ball calories; storage instructions; truly no-bake
12,Best High Fiber Fruits for Weight Loss List,"Struggling to lose weight? Add these top 10 high-fiber fruits to your diet! Raspberries, pears and apples specifically for gut health and fat loss. #FiberFruits #WeightLossTips #HealthyFruit",#HighFiberFruits #WeightLossJourney #NaturalSugar #GutHealth #FruitBowl,Best High Fiber Fruits for Weight Loss List - beautiful flat lay arrangement with berries for digestive wellness,Gut Health Tips and Nutrition Charts,,,nutrition,best-high-fiber-fruits-for-weight-loss-list,1,best-high-fiber-fruits-for-weight-loss-list_v1.jpg,https://www.daily-life-hacks.com/best-high-fiber-fruits-for-weight-loss-list?utm_content=v1,draft,"Write a list article ranking the best high-fiber fruits for weight management. Cover at least 10 fruits with fiber grams and calories per serving: raspberries (8g), pears (5.5g), apples (4.4g), bananas (3.1g), oranges (3.1g), strawberries (3g), blueberries, avocado (yes it's a fruit - 10g!), figs, kiwi. For each fruit, include one practical tip on how to eat it. Section on why fruit fiber helps with fullness and portion control.",1200,10+ fruits ranked by fiber; fiber grams and calories per serving; practical eating tips; fullness/satiety section
13,High Fiber Avocado Toast Variations 2026,"Level up your breakfast! 3 High-fiber avocado toast recipes using whole grain bread, seeds and microgreens. Delicious gut-healthy fats. #AvocadoToast #HighFiberBreakfast #HealthyBrunch",#AvocadoToast #HealthyBreakfast #HighFiber #GoodFats #GutFriendly,"High Fiber Avocado Toast Variations 2026 - professionally plated meal with avocado, whole grain bread, seeds for a healthy morning","Healthy Breakfast, Smoothies and Snacks",,,recipes,high-fiber-avocado-toast-variations,1,high-fiber-avocado-toast-variations_v1.jpg,https://www.daily-life-hacks.com/high-fiber-avocado-toast-variations?utm_content=v1,draft,"Write a recipe article with 5 high-fiber avocado toast variations. Each with exact ingredients and measurements on whole grain bread: (1) Classic: mashed avocado, lemon, red pepper flakes, everything seasoning, (2) Mediterranean: avocado, cherry tomatoes, feta, olive oil, (3) Southwest: avocado, black beans, corn, cilantro, lime, (4) Asian-Inspired: avocado, edamame, sesame seeds, soy drizzle, (5) Sweet: avocado, sliced strawberries, honey, hemp seeds. Include fiber count per variation and total nutrition.",1100,5 distinct variations; exact measurements; fiber per variation; whole grain bread emphasis; nutrition info
14,Crispy Roasted Chickpeas High Fiber Snack,"Ditch the chips! Crunchy roasted chickpeas are the ultimate high-fiber, high-protein snack. Spicy, savory and addictive. Easy oven recipe. #RoastedChickpeas #HealthySnacking #FiberRich",#Chickpeas #HighFiberSnack #PlantProtein #HealthyChips #VeganSnack,Crispy Roasted Chickpeas High Fiber Snack - appetizing bowl with colorful ingredients with chickpeas for healthy snacking,"Healthy Breakfast, Smoothies and Snacks",,,recipes,crispy-roasted-chickpeas-high-fiber-snack,1,crispy-roasted-chickpeas-high-fiber-snack_v1.jpg,https://www.daily-life-hacks.com/crispy-roasted-chickpeas-high-fiber-snack?utm_content=v1,draft,"Write a recipe article for crispy roasted chickpeas as a high-fiber snack. ONE main recipe with exact measurements: canned chickpeas, olive oil, salt, smoked paprika, garlic powder. 400F for 25-30 min. Add 5 seasoning variations: Ranch, BBQ, Cinnamon Sugar, Everything Bagel, Chili Lime. Include tips for getting them truly crispy (dry thoroughly, single layer, don't overcrowd). Nutrition per serving (~130 cal, 6g fiber). Storage tips (stay crispy 3 days in open container).",1000,one base recipe; 5 seasoning variations; crispiness tips; nutrition per serving; storage advice
15,Best High Fiber Vegetables for Gut Health Chart,"Eat your veggies! Top list of high-fiber vegetables to cure constipation: Broccoli, Brussels Sprouts and Artichokes. Pin to save the list! #HighFiberVeggies #GutHealthFoods #VegetableList",#HighFiberVeggies #EatYourGreens #GutHealth #ConstipationCure #HealthyDiet,Best High Fiber Vegetables for Gut Health Chart - organized infographic chart with fresh vegetables for natural digestive relief,Gut Health Tips and Nutrition Charts,,,nutrition,best-high-fiber-vegetables-for-gut-health-chart,1,best-high-fiber-vegetables-for-gut-health-chart_v1.jpg,https://www.daily-life-hacks.com/best-high-fiber-vegetables-for-gut-health-chart?utm_content=v1,draft,"Write a visual-friendly list article of the best high-fiber vegetables for gut health. Cover 12+ vegetables organized by fiber content (highest to lowest): artichoke (10g), green peas (9g), broccoli (5g), Brussels sprouts (4g), carrots (3.6g), sweet potato (3.8g), cauliflower, kale, spinach, beets, cabbage, zucchini. For each: fiber per cup, one key vitamin/mineral, and one easy way to eat it. Include a section on raw vs cooked fiber content.",1200,12+ vegetables; fiber per serving; one key nutrient each; easy preparation tip; raw vs cooked comparison
16,Overnight Oats for Weight Loss Meal Prep,The easiest high-fiber breakfast! Meal prep overnight oats with berries and chia. Grab-and-go weight loss breakfast for busy mornings. #OvernightOats #MealPrep #WeightLossBreakfast,#OvernightOats #MealPrepIdeas #WeightLossFood #HighFiber #BreakfastPrep,"Overnight Oats for Weight Loss Meal Prep - fresh meal in glass containers with oats, berries, chia seeds for healthy weight management","Healthy Breakfast, Smoothies and Snacks",,,recipes,overnight-oats-for-weight-loss-meal-prep,1,overnight-oats-for-weight-loss-meal-prep_v1.jpg,https://www.daily-life-hacks.com/overnight-oats-for-weight-loss-meal-prep?utm_content=v1,draft,"Write a recipe article for overnight oats meal prep. Feature ONE base recipe with exact measurements (rolled oats, milk, chia seeds, yogurt, maple syrup). Then provide 5 flavor add-in combos: (1) Blueberry Almond, (2) PB & Banana, (3) Apple Cinnamon, (4) Strawberry Coconut, (5) Mango Turmeric. Each with specific topping quantities. Include macro breakdown per serving. Explain prep-ahead system: make 5 jars Sunday, grab-and-go Mon-Fri. How overnight oats support weight management through fiber and protein.",1200,one base recipe; 5 flavor variations; macros per serving; 5-jar Sunday prep system; weight management angle
17,High Fiber Sweet Potato Recipes for Dinner,"Sweet potatoes are a gut superfood! Stuffed sweet potato recipes with black beans and quinoa. High fiber, filling and delicious. #SweetPotato #HealthyDinner #GutFriendlyRecipes",#SweetPotato #HighFiberDinner #HealthyCarbs #GutHealth #PlantBased,"High Fiber Sweet Potato Recipes for Dinner - professionally plated meal with beans, whole grains, sweet potatoes for natural nutrition",High Fiber Dinner and Gut Health Recipes,,,recipes,high-fiber-sweet-potato-recipes-for-dinner,1,high-fiber-sweet-potato-recipes-for-dinner_v1.jpg,https://www.daily-life-hacks.com/high-fiber-sweet-potato-recipes-for-dinner?utm_content=v1,draft,"Write a recipe article featuring 3 high-fiber sweet potato dinner recipes. Lead recipe: Stuffed Sweet Potatoes with Black Beans, Corn & Avocado Crema (exact measurements, 400F, 45 min bake). Second: Sweet Potato & Chickpea Curry. Third: Sweet Potato & Lentil Shepherd's Pie. Full recipes for all three with nutrition info. Include a section on sweet potato nutrition (fiber, vitamin A, potassium) and why baking is better than boiling for keeping fiber.",1300,3 full dinner recipes; sweet potato nutrition spotlight; baking vs boiling tip; exact measurements and temperatures
18,High Fiber Keto Bread Recipe 2026,Low carb AND high fiber? Yes! Best fluffy Keto bread recipe with almond flour and psyllium. Gut friendly and keeps you in ketosis. #KetoBread #HighFiberLowCarb #KetoRecipes,#KetoBread #LowCarbHighFiber #GutHealth #KetoLife #HealthyBaking,"High Fiber Keto Bread Recipe 2026 - artfully prepared avocado toast with whole grain bread, nuts for natural nutrition",High Fiber Dinner and Gut Health Recipes,,,recipes,high-fiber-keto-bread-recipe,1,high-fiber-keto-bread-recipe_v1.jpg,https://www.daily-life-hacks.com/high-fiber-keto-bread-recipe?utm_content=v1,draft,"Write a recipe article for high-fiber keto bread. ONE detailed recipe using almond flour, psyllium husk powder, eggs, baking powder, butter, salt (exact measurements). Include step-by-step with specific temperatures (350F, 50-55 min). Explain why psyllium husk is the key ingredient (adds fiber + bread texture). Nutrition per slice (8 slices per loaf): ~120 cal, 2g net carbs, 5g fiber. Tips for slicing, toasting, and storing. Compare fiber content to regular white bread.",1100,one detailed recipe; psyllium husk explanation; per-slice nutrition with net carbs; storage tips; comparison to white bread
19,High Fiber Quinoa Salad for Lunch Prep,"Perfect work lunch! High fiber quinoa salad with cucumber, feta and lemon dressing. Stays fresh for 4 days. #QuinoaSalad #LunchPrep #HealthyOfficeLunch",#QuinoaSalad #MealPrep #HighFiberLunch #HealthyWorkLunch #GutFriendly,High Fiber Quinoa Salad for Lunch Prep - fresh meal in glass containers with whole grains for natural nutrition,High Fiber Dinner and Gut Health Recipes,,,recipes,high-fiber-quinoa-salad-for-lunch-prep,1,high-fiber-quinoa-salad-for-lunch-prep_v1.jpg,https://www.daily-life-hacks.com/high-fiber-quinoa-salad-for-lunch-prep?utm_content=v1,draft,"Write a recipe article for a high-fiber quinoa lunch salad. ONE main recipe: Mediterranean Quinoa Salad with chickpeas, cucumber, cherry tomatoes, red onion, Kalamata olives, feta, lemon-herb dressing (exact measurements, serves 4). Add 3 quinoa salad variations: Southwest (black beans, corn, cilantro-lime), Asian (edamame, carrot, sesame-ginger), Harvest (roasted sweet potato, cranberries, pecans). Meal prep tips: keeps 4 days, dressing separate. Quinoa nutrition spotlight (8g fiber + 8g protein per cup).",1200,one full recipe; 3 variation concepts; meal prep storage; quinoa nutrition facts; lunch-focused
20,Top 5 High Fiber Nuts for Snacking,"Nuts are gut food! Almonds, Pistachios and Walnuts - which has the most fiber? Snack smart for weight loss. #HealthyNuts #HighFiberSnack #WeightLossSnacks",#HealthyNuts #FiberRich #SnackSmart #GutHealth #PlantProtein,Top 5 High Fiber Nuts for Snacking - appetizing bowl with colorful ingredients with nuts for healthy weight management,"Healthy Breakfast, Smoothies and Snacks",,,recipes,top-5-high-fiber-nuts-for-snacking,1,top-5-high-fiber-nuts-for-snacking_v1.jpg,https://www.daily-life-hacks.com/top-5-high-fiber-nuts-for-snacking?utm_content=v1,draft,"Write a nutrition article about the top 5 high-fiber nuts for snacking. Cover: almonds (3.5g per oz), pistachios (2.9g), pecans (2.7g), hazelnuts (2.7g), walnuts (1.9g). For each nut: fiber per serving, calories, unique nutritional benefit, and a snack idea. Include a comparison table. Section on ideal portion size (1 oz = small handful). Tips on buying (raw vs roasted, unsalted) and storing nuts. Why nuts combine fiber + healthy fats + protein for sustained energy.",1100,5 nuts with fiber per oz; comparison table; portion size guidance; buying and storing tips; satiety benefits
21,High Fiber Vegan Burger Recipe,"Better than meat? Black bean and oat burgers packed with fiber. delicious, grillable and gut-healthy. #VeganBurger #HighFiber #PlantBasedRecipes",#VeganBurger #BlackBeanBurger #HighFiber #PlantBased #HealthyDinner,High Fiber Vegan Burger Recipe - appetizing food presentation for natural nutrition,High Fiber Dinner and Gut Health Recipes,,,recipes,high-fiber-vegan-burger-recipe,1,high-fiber-vegan-burger-recipe_v1.jpg,https://www.daily-life-hacks.com/high-fiber-vegan-burger-recipe?utm_content=v1,draft,"Write a recipe article for a high-fiber vegan burger. ONE main recipe: Black Bean & Oat Burger Patties (black beans, rolled oats, onion, garlic, cumin, smoked paprika, flax egg - exact measurements, makes 6 patties). Pan-fry method (medium heat, 4-5 min per side). Include bun and topping suggestions (whole wheat bun, avocado, tomato, lettuce, pickled onion). Nutrition per patty: ~180 cal, 8g fiber, 9g protein. Add 2 patty variations: Lentil-Mushroom, Chickpea-Sweet Potato. Tips to prevent patties from falling apart.",1100,one full burger recipe; 2 patty variations; binding tips; nutrition per patty; vegan focus
22,How to Increase Fiber Intake Without Gas,Bloated from fiber? 5 Tips to increase fiber intake safely without gas or pain. Hydration is key! #FiberTips #GutHealth #BloatingFix,#GutHealthTips #FiberIntake #NoBloat #HealthyDigestion #WellnessTips,How to Increase Fiber Intake Without Gas - fresh meal in glass containers for digestive comfort,Gut Health Tips and Nutrition Charts,,,nutrition,how-to-increase-fiber-intake-without-gas,1,how-to-increase-fiber-intake-without-gas_v1.jpg,https://www.daily-life-hacks.com/how-to-increase-fiber-intake-without-gas?utm_content=v1,draft,"Write a practical nutrition guide on how to increase daily fiber intake without digestive discomfort. Cover: start slow (add 5g per week), always pair with water (8oz per extra 5g fiber), which foods cause least gas (berries, oats, sweet potato) vs most (beans, broccoli, cabbage), the soaking/rinsing trick for beans, cooking methods that reduce gas (longer cooking). Include a sample 7-day fiber increase plan from 15g to 30g. Friendly, reassuring tone - fiber discomfort is temporary.",1200,gradual increase method; water pairing rule; low-gas vs high-gas foods; bean soaking trick; 7-day sample plan
23,High Fiber Pasta Alternatives 2026,"Love pasta but need fiber? Chickpea pasta, Lentil pasta and Edamame noodles review. Best for weight loss and gut health. #HealthyPasta #HighFiber #GlutenFreePasta",#LentilPasta #ChickpeaPasta #HighFiber #GlutenFree #HealthySwaps,High Fiber Pasta Alternatives 2026 - appetizing food presentation with chickpeas for healthy weight management,Gut Health Tips and Nutrition Charts,,,recipes,high-fiber-pasta-alternatives,1,high-fiber-pasta-alternatives_v1.jpg,https://www.daily-life-hacks.com/high-fiber-pasta-alternatives?utm_content=v1,draft,"Write a nutrition/recipe article about high-fiber pasta alternatives. Compare 6 options with fiber per serving: chickpea pasta (8g), lentil pasta (7g), whole wheat pasta (6g), black bean pasta (12g), edamame pasta (11g), and regular pasta (2.5g baseline). For the top pick (chickpea pasta), include ONE full recipe: Chickpea Pasta Primavera with roasted vegetables (exact measurements). Taste and texture notes for each alternative. Cooking tips (don't overcook protein pastas). Price comparison range.",1200,6 alternatives compared with fiber counts; one full recipe; taste/texture notes; cooking tips; regular pasta as baseline
24,Warm Oatmeal Bowl for Winter Weight Loss,Cozy up and slim down. Warm high-fiber oatmeal topped with cinnamon apples. Comfort food that burns fat. #OatmealBowl #WinterDiet #HighFiberBreakfast,#Oatmeal #Porridge #WinterWellness #HighFiber #WeightLossComfort,Warm Oatmeal Bowl for Winter Weight Loss - appetizing bowl with colorful ingredients for a healthy morning,"Healthy Breakfast, Smoothies and Snacks",,,recipes,warm-oatmeal-bowl-for-winter-weight-loss,1,warm-oatmeal-bowl-for-winter-weight-loss_v1.jpg,https://www.daily-life-hacks.com/warm-oatmeal-bowl-for-winter-weight-loss?utm_content=v1,draft,"Write a recipe article for a warm oatmeal breakfast bowl. ONE main recipe: Savory-Sweet Oatmeal Bowl with banana, walnuts, cinnamon, honey, and chia seeds (exact measurements, stovetop method, 5 min cook). Add 4 warming variations: (1) Apple Pie (diced apple, cinnamon, pecans), (2) Pumpkin Spice (pumpkin puree, nutmeg, maple), (3) Chocolate Banana (cocoa, banana, almond butter), (4) Berry Crumble (mixed berries, granola, yogurt). Nutrition per bowl. Why warm oats are comforting for cold mornings and provide sustained energy.",1100,one main recipe; 4 seasonal variations; stovetop method; nutrition info; winter comfort angle
25,Mediterranean Diet High Fiber Meal Plan 2026,"Voted best diet again! 7-Day Mediterranean meal plan packed with fiber, olive oil and veggies. The tastiest way to heal your gut. #MediterraneanDiet #GutHealth #HealthyEating",#MediterraneanDiet #HighFiber #HeartHealth #GutFriendly #HealthyLifestyle,Mediterranean Diet High Fiber Meal Plan 2026 - beautiful flat lay arrangement with fresh vegetables for natural nutrition,Gut Health Tips and Nutrition Charts,,,nutrition,mediterranean-diet-high-fiber-meal-plan,1,mediterranean-diet-high-fiber-meal-plan_v1.jpg,https://www.daily-life-hacks.com/mediterranean-diet-high-fiber-meal-plan?utm_content=v1,draft,"Write a nutrition guide about the Mediterranean diet's naturally high-fiber approach. Explain what makes Mediterranean eating fiber-rich (legumes, whole grains, vegetables, fruits, nuts). Provide a sample 3-day meal plan with fiber counts per meal. Highlight key Mediterranean fiber foods: lentils, chickpeas, bulgur, farro, artichokes, figs. Include 2-3 quick Mediterranean recipe ideas with brief ingredients. Section on why this is a sustainable long-term eating pattern vs restrictive diets.",1300,Mediterranean diet + fiber connection; 3-day meal plan with fiber counts; key fiber foods; sustainability advantage
26,Low Calorie High Fiber Snacks Under 100 Cal,"Snack without guilt! 10 High fiber snacks under 100 calories. Popcorn, veggies and berries combinations for weight loss. #LowCalorieSnacks #HighFiber #WeightLossTips",#LowCalorie #HighFiber #HealthySnacks #WeightLossHacks #DietTips,"Low Calorie High Fiber Snacks Under 100 Cal - appetizing bowl with colorful ingredients with berries, fresh vegetables for healthy weight management","Healthy Breakfast, Smoothies and Snacks",,,recipes,low-calorie-high-fiber-snacks-under-100-cal,1,low-calorie-high-fiber-snacks-under-100-cal_v1.jpg,https://www.daily-life-hacks.com/low-calorie-high-fiber-snacks-under-100-cal?utm_content=v1,draft,"Write a recipe/list article of low-calorie high-fiber snacks all under 100 calories. List 10 snacks with exact portions and nutrition: (1) apple slices (52 cal, 2.4g fiber), (2) baby carrots + 1 tbsp hummus (65 cal, 3g fiber), (3) air-popped popcorn 2 cups (62 cal, 2.4g fiber), (4) celery + 1 tbsp almond butter (98 cal, 2g fiber), (5) 1/2 cup raspberries (32 cal, 4g fiber), etc. Include 5 more creative options. Tips on portioning. Why fiber-rich snacks prevent overeating between meals.",1100,10 snacks all under 100 cal; exact portions and nutrition; creative options; anti-overeating benefits
27,Prebiotic vs Probiotic Foods Chart 2026,"What's the difference? Prebiotics feed the gut, Probiotics heal it. Save this chart to know which foods you need! #Prebiotics #Probiotics #GutHealth101",#GutHealth #Probiotics #Prebiotics #HealthyGut #DigestionTips,Prebiotic vs Probiotic Foods Chart 2026 - organized infographic chart for natural nutrition,Gut Health Tips and Nutrition Charts,,,nutrition,prebiotic-vs-probiotic-foods-chart,1,prebiotic-vs-probiotic-foods-chart_v1.jpg,https://www.daily-life-hacks.com/prebiotic-vs-probiotic-foods-chart?utm_content=v1,draft,"Write a nutrition education article explaining prebiotics vs probiotics and how they work together. Define each clearly with simple analogies (prebiotics = food for good bacteria, probiotics = the good bacteria themselves). List top prebiotic foods (garlic, onion, banana, asparagus, oats) and top probiotic foods (yogurt, kefir, kimchi, sauerkraut, miso). Explain the synbiotic effect. Include a simple comparison chart. Tips on incorporating both into daily meals. Keep it friendly and non-scientific.",1200,clear prebiotic vs probiotic definitions; food lists for each; synbiotic concept; comparison chart; daily tips
28,High Fiber Smoothie Bowl Acai Recipe,"Thick, creamy and gut-friendly. Acai smoothie bowl topped with granola and high-fiber fruit. The perfect Instagram breakfast. #AcaiBowl #SmoothieBowl #HighFiberBreakfast",#AcaiBowl #HealthyBreakfast #HighFiber #Superfood #VeganBreakfast,High Fiber Smoothie Bowl Acai Recipe - appetizing bowl with colorful ingredients for a healthy morning,"Healthy Breakfast, Smoothies and Snacks",,,recipes,high-fiber-smoothie-bowl-acai-recipe,1,high-fiber-smoothie-bowl-acai-recipe_v1.jpg,https://www.daily-life-hacks.com/high-fiber-smoothie-bowl-acai-recipe?utm_content=v1,draft,"Write a recipe article for a high-fiber acai smoothie bowl. ONE main recipe with exact measurements: frozen acai packet, frozen banana, mixed berries, almond milk, topped with granola, sliced banana, chia seeds, coconut flakes, honey drizzle. Include blending technique for thick consistency (minimal liquid, tamper or stir). Nutrition info (~350 cal, 10g fiber). Add 3 bowl variations: Green Acai (add spinach), Tropical Acai (mango, pineapple), PB Acai (peanut butter, oats). Instagram-worthy plating tips.",1000,one main recipe; thick consistency technique; 3 variations; nutrition per bowl; visual plating tips
29,Beans and Rice Complete Protein Meal,The cheapest superfood meal! How to combine beans and rice for a complete high-fiber protein source. Budget friendly and healthy. #BeansAndRice #BudgetMeals #HighFiber,#BudgetEats #HighFiber #CompleteProtein #VeganOnBudget #HealthyStaples,Beans and Rice Complete Protein Meal - appetizing bowl with colorful ingredients with beans for natural nutrition,High Fiber Dinner and Gut Health Recipes,,,recipes,beans-and-rice-complete-protein-meal,1,beans-and-rice-complete-protein-meal_v1.jpg,https://www.daily-life-hacks.com/beans-and-rice-complete-protein-meal?utm_content=v1,draft,"Write a recipe article for a Beans and Rice bowl as a complete protein high-fiber meal. ONE main recipe: Cuban-Style Black Beans & Rice (exact measurements: black beans, long grain rice, olive oil, onion, bell pepper, garlic, cumin, oregano, bay leaf, lime). Explain the complete protein concept (beans + rice = all essential amino acids). Nutrition per serving (~400 cal, 15g protein, 12g fiber). Add 3 global variations: Mexican Red Beans & Rice, Cajun Red Beans & Rice, Indian Rajma Chawal. Budget-friendly angle.",1200,one full Cuban recipe; complete protein explanation; 3 global variations; budget-friendly angle; nutrition info
30,High Fiber Gluten Free Bread Recipe,"Finally, GF bread that isn't cardboard! Soft, high-fiber gluten-free bread recipe using psyllium and sorghum flour. #GlutenFreeBread #HighFiberGF #CeliacSafe",#GlutenFree #HighFiber #HealthyBaking #CeliacFriendly #GutHealth,High Fiber Gluten Free Bread Recipe - fresh sliced bread with whole grain bread for natural nutrition,High Fiber Dinner and Gut Health Recipes,,,recipes,high-fiber-gluten-free-bread-recipe,1,high-fiber-gluten-free-bread-recipe_v1.jpg,https://www.daily-life-hacks.com/high-fiber-gluten-free-bread-recipe?utm_content=v1,draft,"Write a recipe article for high-fiber gluten-free bread. ONE detailed recipe using oat flour, almond flour, psyllium husk, eggs, olive oil, honey, baking powder, salt (exact measurements). Bake at 350F for 45-50 min. Step-by-step with tips for best texture (don't skip psyllium, let cool completely before slicing). Nutrition per slice. Compare fiber to regular GF bread (often low fiber). Storage: counter 3 days, fridge 1 week, freezer 3 months. Add 2 variations: Seeded Loaf, Rosemary Olive Oil.",1100,one detailed recipe; psyllium husk key role; per-slice nutrition; GF bread fiber comparison; storage instructions
31,Fermented Foods List for Gut Flora,"Rebuild your microbiome naturally. Top 10 fermented foods to eat daily: Kimchi, Sauerkraut, Kefir and Miso. #FermentedFoods #GutFlora #ProbioticFoods",#FermentedFoods #GutHealth #Probiotics #HealthyGut #ImmuneBoost,Fermented Foods List for Gut Flora - fresh meal in glass containers for natural nutrition,Gut Health Tips and Nutrition Charts,,,nutrition,fermented-foods-list-for-gut-flora,1,fermented-foods-list-for-gut-flora_v1.jpg,https://www.daily-life-hacks.com/fermented-foods-list-for-gut-flora?utm_content=v1,draft,"Write a nutrition list article about fermented foods for gut flora. Cover 10 fermented foods: yogurt, kefir, sauerkraut, kimchi, miso, tempeh, kombucha, pickles (naturally fermented), natto, sourdough bread. For each: what it is, how it's made (brief), key probiotic strains or benefits, and one easy way to add it to a meal. Section on fermented vs pickled (vinegar-pickled has no probiotics). Tips for buying (look for 'live cultures' on label). Start-small advice for beginners.",1200,10 fermented foods; how each is made; practical meal ideas; fermented vs pickled distinction; buying tips
32,High Fiber Cauliflower Rice Recipes,"Low carb, high fiber! 5 delicious cauliflower rice recipes that taste like the real thing. Fried rice, burrito bowls and more. #CauliflowerRice #KetoRecipes #HighFiber",#CauliflowerRice #LowCarb #HighFiber #KetoDinner #VeggieLoaded,High Fiber Cauliflower Rice Recipes - dynamic cooking action shot for natural nutrition,High Fiber Dinner and Gut Health Recipes,,,recipes,high-fiber-cauliflower-rice-recipes,1,high-fiber-cauliflower-rice-recipes_v1.jpg,https://www.daily-life-hacks.com/high-fiber-cauliflower-rice-recipes?utm_content=v1,draft,"Write a recipe article with 3 high-fiber cauliflower rice recipes. First explain how to make cauliflower rice from scratch (food processor method, 2 min). Then: (1) Mexican Cauliflower Rice Bowl with black beans, corn, salsa, avocado (full recipe), (2) Asian Cauliflower Fried Rice with egg, peas, soy sauce, sesame oil (full recipe), (3) Mediterranean Cauliflower Rice with sun-dried tomatoes, olives, feta (full recipe). All with exact measurements. Compare nutrition: cauliflower rice (3.5g fiber/cup, 25 cal) vs white rice (0.6g fiber, 206 cal).",1200,DIY cauliflower rice method; 3 full recipes; nutritional comparison to white rice; exact measurements
33,Oatmeal vs Grits Fiber Content,Breakfast battle! Oatmeal vs. Grits - which is better for weight loss and gut health? The answer might surprise you. #OatmealVsGrits #FiberComparison #HealthyBreakfast,#BreakfastDebate #HighFiber #NutritionTips #HealthyChoices #WeightLossFood,Oatmeal vs Grits Fiber Content - appetizing bowl with colorful ingredients for healthy weight management,Gut Health Tips and Nutrition Charts,,,nutrition,oatmeal-vs-grits-fiber-content,1,oatmeal-vs-grits-fiber-content_v1.jpg,https://www.daily-life-hacks.com/oatmeal-vs-grits-fiber-content?utm_content=v1,draft,"Write a nutrition comparison article: Oatmeal vs Grits. Compare side by side: fiber (oats 4g vs grits 1.5g per serving), calories, protein, vitamins, minerals, glycemic index. Explain what each is made from (whole oat groats vs dried corn). Cover different types: steel-cut vs rolled oats, stone-ground vs instant grits. Include a comparison table. When to choose each. Can you boost grits' fiber? (add chia, flax, vegetables). End with: both have a place, but for fiber oats win clearly.",1100,side-by-side comparison table; fiber per serving; types of each; how to boost grits fiber; balanced take
34,High Fiber Popcorn Toppings Healthy,"Popcorn is a whole grain! Healthy high-fiber popcorn toppings: Nutritional yeast, chili lime and cinnamon. Ditch the butter. #HealthyPopcorn #SnackHacks #HighFiber",#Popcorn #HealthySnacks #HighFiber #MovieNightSnack #WholeGrain,High Fiber Popcorn Toppings Healthy - appetizing bowl with colorful ingredients for healthy snacking,"Healthy Breakfast, Smoothies and Snacks",,,recipes,high-fiber-popcorn-toppings-healthy,1,high-fiber-popcorn-toppings-healthy_v1.jpg,https://www.daily-life-hacks.com/high-fiber-popcorn-toppings-healthy?utm_content=v1,draft,"Write a fun recipe article about healthy high-fiber popcorn toppings. Start with base: air-popped popcorn nutrition (3 cups = 3.5g fiber, 93 cal). Then 8 topping combos with exact measurements: (1) Everything Bagel, (2) Cinnamon Sugar, (3) Parmesan Garlic, (4) Chili Lime, (5) Ranch, (6) Dark Chocolate Drizzle, (7) Nutritional Yeast & Black Pepper, (8) Pumpkin Spice. Include air-popping instructions (stovetop and microwave). Why popcorn is a surprisingly good whole grain fiber source.",1000,8 topping combos with measurements; air-popping instructions; popcorn as whole grain; base nutrition info
35,Vegan High Fiber Meal Prep for Week,"Plant-based power! 5 Days of vegan high-fiber lunches. Tofu, quinoa, roasted veggies. Cheap and easy prep. #VeganMealPrep #HighFiberVegan #PlantBased",#VeganPrep #MealPrepSunday #HighFiber #PlantPower #HealthyLunch,"Vegan High Fiber Meal Prep for Week - fresh meal in glass containers with fresh vegetables, whole grains for natural nutrition",High Fiber Dinner and Gut Health Recipes,,,recipes,vegan-high-fiber-meal-prep-for-week,1,vegan-high-fiber-meal-prep-for-week_v1.jpg,https://www.daily-life-hacks.com/vegan-high-fiber-meal-prep-for-week?utm_content=v1,draft,"Write a meal prep guide for a full week of vegan high-fiber meals. Provide a complete 5-day plan (Mon-Fri, 3 meals each) with recipes or descriptions. Sunday prep session: cook lentils, bake sweet potatoes, prepare quinoa, chop vegetables, make 2 sauces (tahini dressing + peanut sauce). Show how components mix into different meals. Include daily fiber totals (aim for 30g+). Shopping list for the whole week. Budget estimate. Storage and reheating tips.",1500,5-day meal plan; Sunday prep session; component-based system; daily fiber totals; shopping list; budget angle
36,Fiber Rich Soup for Weight Loss Cabbage,"The famous Cabbage Soup Diet recipe revamped! High fiber, fat burning soup that actually tastes good. #CabbageSoup #WeightLossSoup #HighFiber",#FatBurningSoup #CabbageSoup #HighFiber #WeightLoss #DetoxSoup,Fiber Rich Soup for Weight Loss Cabbage - hearty soup in rustic pot with cabbage for natural nutrition,High Fiber Dinner and Gut Health Recipes,,,recipes,fiber-rich-soup-for-weight-loss-cabbage,1,fiber-rich-soup-for-weight-loss-cabbage_v1.jpg,https://www.daily-life-hacks.com/fiber-rich-soup-for-weight-loss-cabbage?utm_content=v1,draft,"Write a recipe article for Fiber-Rich Cabbage Soup. ONE main recipe: hearty cabbage soup with white beans, carrots, celery, onion, garlic, diced tomatoes, vegetable broth, Italian seasoning (exact measurements, 30 min simmer). Nutrition per serving (~180 cal, 8g fiber). Add 3 variations: Asian-Style (ginger, soy, sesame), Spicy Mexican (jalapeno, cumin, cilantro), Creamy (blend half, stir back in). Why cabbage soup is great for weight management (high volume, low calorie, high fiber). Freezing instructions.",1100,one main recipe; 3 variations; low calorie + high fiber angle; freezing instructions; nutrition info
37,Chia Pudding Variations for Breakfast,"Never get bored! 4 Chia Pudding flavors: Chocolate, Berry, Mango and Vanilla. High fiber meal prep breakfast. #ChiaPudding #BreakfastIdeas #HighFiber",#ChiaSeeds #HealthyBreakfast #MealPrep #HighFiber #GutHealth,Chia Pudding Variations for Breakfast - overhead view of prepared meal with chia seeds for a healthy morning,"Healthy Breakfast, Smoothies and Snacks",,,recipes,chia-pudding-variations-for-breakfast,1,chia-pudding-variations-for-breakfast_v1.jpg,https://www.daily-life-hacks.com/chia-pudding-variations-for-breakfast?utm_content=v1,draft,"Write a recipe article with 5 chia pudding variations for breakfast. Base recipe: 3 tbsp chia seeds + 1 cup milk + sweetener, refrigerate overnight. Then 5 flavors: (1) Vanilla Berry, (2) Chocolate, (3) Mango Coconut, (4) Matcha, (5) PB&J. Each with exact add-in measurements. Chia nutrition spotlight (10g fiber per oz, omega-3s, protein). Tips: stir twice in first 30 min to prevent clumps, ideal consistency, best milk options. Make-ahead: lasts 4 days in fridge.",1100,one base recipe; 5 flavor variations; chia nutrition; anti-clump technique; make-ahead tips
38,High Fiber Fast Food Options Guide,"Stuck at a drive-thru? The survival guide to high-fiber fast food options at Subway, Chipotle and Starbucks. #FastFoodHacks #HealthyOnTheGo #HighFiber",#HealthyFastFood #FiberOnTheGo #DietHacks #WeightLossTips #EatingOut,High Fiber Fast Food Options Guide - appetizing bowl with colorful ingredients for natural nutrition,Gut Health Tips and Nutrition Charts,,,nutrition,high-fiber-fast-food-options-guide,1,high-fiber-fast-food-options-guide_v1.jpg,https://www.daily-life-hacks.com/high-fiber-fast-food-options-guide?utm_content=v1,draft,"Write a practical nutrition guide to finding high-fiber options at fast food restaurants. Cover 8 major chains: Chipotle (brown rice + black beans bowl = 15g fiber), Subway (9-grain wheat + veggie sub), Taco Bell (bean burrito), Chick-fil-A (fruit cup, side salad), Wendy's (baked potato, chili), McDonald's (apple slices, oatmeal), Panera (lentil soup, whole grain bread), Sweetgreen. For each: best fiber choice with approximate fiber grams. Tips for boosting fiber at any restaurant. Realistic and non-judgmental tone.",1200,8 real chains with specific menu items; fiber grams per item; practical ordering tips; non-judgmental tone
39,Gut Health Tea Peppermint Ginger,Soothe your stomach naturally. Peppermint and Ginger tea recipe for bloating and digestion. Drink this after meals! #HerbalTea #GutHealth #BloatingRemedy,#HerbalTea #GutRelief #NaturalRemedy #Digestion #Bloating,Gut Health Tea Peppermint Ginger - fresh meal in glass containers for digestive comfort,"Healthy Breakfast, Smoothies and Snacks",,,recipes,gut-health-tea-peppermint-ginger,1,gut-health-tea-peppermint-ginger_v1.jpg,https://www.daily-life-hacks.com/gut-health-tea-peppermint-ginger?utm_content=v1,draft,"Write a recipe article for gut-friendly herbal teas. Feature 4 tea recipes with exact measurements: (1) Peppermint Ginger: fresh mint leaves + sliced ginger + hot water + honey, (2) Turmeric Golden Milk Tea: turmeric, cinnamon, black pepper, milk, (3) Chamomile Lemon: chamomile flowers/bags + lemon + honey, (4) Fennel Seed Tea: crushed fennel seeds + hot water. For each: brewing time, temperature, when to drink (after meals, before bed). Section on how warm liquids support digestion. Note: these are complementary to a fiber-rich diet.",1000,4 tea recipes with measurements; brewing instructions; when to drink each; warm liquids and digestion; complementary role
40,High Fiber Pizza Crust Cauliflower,"Pizza night is back! Crispy cauliflower pizza crust recipe. High fiber, gluten-free and low calorie. #CauliflowerPizza #HealthyPizza #HighFiberDinner",#HealthyPizza #CauliflowerCrust #HighFiber #GuiltFree #DinnerIdeas,High Fiber Pizza Crust Cauliflower - appetizing food presentation for natural nutrition,High Fiber Dinner and Gut Health Recipes,,,recipes,high-fiber-pizza-crust-cauliflower,1,high-fiber-pizza-crust-cauliflower_v1.jpg,https://www.daily-life-hacks.com/high-fiber-pizza-crust-cauliflower?utm_content=v1,draft,"Write a recipe article for high-fiber cauliflower pizza crust. ONE detailed crust recipe: riced cauliflower, mozzarella, egg, almond flour, Italian seasoning, garlic powder, salt (exact measurements). Step-by-step: rice cauliflower, squeeze out ALL moisture (key step), mix, shape, bake at 425F for 20 min. Add 3 topping combos: Margherita, BBQ Chicken, Veggie Supreme. Compare nutrition to regular pizza crust (fiber, carbs, calories per slice). The moisture-squeezing trick explained in detail.",1100,one detailed crust recipe; moisture removal technique; 3 topping combos; nutritional comparison to regular crust
41,High Fiber Hummus Recipe Homemade,Better than store bought! Creamy high-fiber hummus recipe with extra chickpeas and tahini. Perfect dip for veggies. #HummusRecipe #HealthyDip #HighFiberSnack,#Hummus #HealthySnack #PlantBased #HighFiber #MediterraneanFood,"High Fiber Hummus Recipe Homemade - professionally plated meal with fresh vegetables, chickpeas for healthy snacking","Healthy Breakfast, Smoothies and Snacks",,,recipes,high-fiber-hummus-recipe-homemade,1,high-fiber-hummus-recipe-homemade_v1.jpg,https://www.daily-life-hacks.com/high-fiber-hummus-recipe-homemade?utm_content=v1,draft,"Write a recipe article for homemade high-fiber hummus. ONE main recipe: Classic Hummus with chickpeas, tahini, lemon juice, garlic, olive oil, cumin, salt, ice water (exact measurements, food processor method). Include the secret to ultra-smooth hummus (cook chickpeas with baking soda, or peel skins). Nutrition per serving (4g fiber, 170 cal per 1/4 cup). Add 5 flavor variations: Roasted Red Pepper, Garlic Herb, Spicy Sriracha, Beet, Avocado. Serving suggestions and storage (fridge 5 days).",1100,one main recipe; smooth texture secret; 5 flavor variations; nutrition per serving; serving suggestions
42,High Fiber Yogurt Parfait for Breakfast,"Layer your way to health! Greek yogurt, high-fiber granola and mixed berries parfait. 15g of fiber to start your day. #YogurtParfait #HealthyBreakfast #GutHealth",#ParfaitRecipe #HighFiber #BreakfastGoals #GutFriendly #HealthyStart,"High Fiber Yogurt Parfait for Breakfast - fresh meal in glass containers with berries, yogurt for a healthy morning","Healthy Breakfast, Smoothies and Snacks",,,recipes,high-fiber-yogurt-parfait-for-breakfast,1,high-fiber-yogurt-parfait-for-breakfast_v1.jpg,https://www.daily-life-hacks.com/high-fiber-yogurt-parfait-for-breakfast?utm_content=v1,draft,"Write a recipe article for high-fiber yogurt parfaits. ONE main recipe: layered parfait with Greek yogurt, homemade granola, mixed berries, chia seeds, honey drizzle (exact measurements and layering order). Add 4 variations: (1) Tropical (mango, coconut, macadamia), (2) Apple Pie (diced apple, cinnamon granola, walnuts), (3) Chocolate (cocoa yogurt, banana, almonds), (4) Savory (plain yogurt, cucumber, hemp seeds, everything seasoning). Fiber per parfait (~8g). Mason jar prep-ahead method for work.",1000,one main recipe with layering order; 4 variations including one savory; mason jar method; fiber per parfait
43,Black Bean Brownies Hidden Fiber Dessert,You won't believe they are healthy! Fudgy black bean brownies packed with fiber and protein. Gluten-free and guilt-free treat. #BlackBeanBrownies #HealthyDessert #HighFiberSweets,#HealthyBrownies #GuiltFreeDessert #HiddenVeggie #HighFiber #GlutenFreeBaking,Black Bean Brownies Hidden Fiber Dessert - appetizing food presentation for natural nutrition,"Healthy Breakfast, Smoothies and Snacks",,,recipes,black-bean-brownies-hidden-fiber-dessert,1,black-bean-brownies-hidden-fiber-dessert_v1.jpg,https://www.daily-life-hacks.com/black-bean-brownies-hidden-fiber-dessert?utm_content=v1,draft,"Write a recipe article for Black Bean Brownies as a hidden fiber dessert. ONE detailed recipe: black beans (drained and rinsed), cocoa powder, eggs, maple syrup, vanilla, baking powder, salt, optional chocolate chips (exact measurements). Food processor method. Bake 350F for 20-25 min. Emphasize: you CANNOT taste the beans. Nutrition per brownie (12 brownies per batch: ~130 cal, 4g fiber, 5g protein). Texture tips (fudgy center, don't overbake). Compare to regular brownies. Allergy note: naturally gluten-free.",1000,one detailed recipe; can't-taste-the-beans emphasis; per-brownie nutrition; texture tips; GF naturally
44,Artichoke Recipes for Gut Health,The underrated superfood! Steamed artichoke with lemon garlic dip. One of the highest fiber vegetables you can eat. #ArtichokeRecipes #GutHealth #HighFiberVeggies,#Artichoke #Superfood #FiberRich #GutHealth #VegetarianDinner,Artichoke Recipes for Gut Health - appetizing bowl with colorful ingredients with fresh vegetables for natural nutrition,High Fiber Dinner and Gut Health Recipes,,,recipes,artichoke-recipes-for-gut-health,1,artichoke-recipes-for-gut-health_v1.jpg,https://www.daily-life-hacks.com/artichoke-recipes-for-gut-health?utm_content=v1,draft,"Write a recipe article featuring 3 high-fiber artichoke recipes. Start with artichoke nutrition spotlight (one medium artichoke = 10g fiber - one of the highest fiber vegetables). Recipes: (1) Roasted Artichoke Hearts with Lemon Garlic Butter (full recipe, oven 400F), (2) Spinach Artichoke Stuffed Portobello Mushrooms (full recipe), (3) Artichoke & White Bean Salad (full recipe, no-cook). How to prep fresh artichokes vs using canned/frozen (time-saving tips).",1100,artichoke as fiber champion (10g); 3 full recipes; fresh vs canned/frozen; nutrition spotlight
45,Popcorn vs Potato Chips Fiber Comparison,Snack smart battle! Why popcorn wins over chips for weight loss and fiber content. See the calorie difference. #SnackSwap #HealthyChoices #FiberFacts,#HealthySwaps #SnackSmart #HighFiber #WeightLossHacks #JunkFoodAlternative,Popcorn vs Potato Chips Fiber Comparison - appetizing bowl with colorful ingredients for healthy weight management,Gut Health Tips and Nutrition Charts,,,nutrition,popcorn-vs-potato-chips-fiber-comparison,1,popcorn-vs-potato-chips-fiber-comparison_v1.jpg,https://www.daily-life-hacks.com/popcorn-vs-potato-chips-fiber-comparison?utm_content=v1,draft,"Write a fun nutrition comparison: Popcorn vs Potato Chips. Compare per standard serving: popcorn (3 cups air-popped: 93 cal, 3.5g fiber, 1g fat) vs chips (1 oz/15 chips: 152 cal, 1g fiber, 10g fat). Cover: fiber, calories, fat, sodium, volume (you get way more popcorn). Include a comparison table. Why popcorn is a whole grain. Best and worst ways to eat popcorn (air-popped best, movie theater worst). The volume advantage: 3 cups vs 15 chips for similar satisfaction.",1000,side-by-side comparison table; volume advantage; popcorn as whole grain; best vs worst popcorn preparation
46,Split Pea Soup Recipe High Fiber,"Old school comfort. Hearty Split Pea Soup recipe with 16g fiber per bowl! Cheap, easy and perfect for winter. #SplitPeaSoup #BudgetMeals #HighFiberDinner",#SoupSeason #HighFiber #ComfortFood #BudgetCooking #HealthyDinner,Split Pea Soup Recipe High Fiber - appetizing bowl with colorful ingredients for natural nutrition,High Fiber Dinner and Gut Health Recipes,,,recipes,split-pea-soup-recipe-high-fiber,1,split-pea-soup-recipe-high-fiber_v1.jpg,https://www.daily-life-hacks.com/split-pea-soup-recipe-high-fiber?utm_content=v1,draft,"Write a recipe article for high-fiber Split Pea Soup. ONE main recipe: classic split pea soup with green split peas, carrots, celery, onion, garlic, vegetable broth, bay leaf, thyme (exact measurements, stovetop 45 min or Instant Pot 15 min). Nutrition per serving (~250 cal, 16g fiber - one of the highest fiber soups possible). Add a smoky variation (smoked paprika + liquid smoke instead of ham). Topping ideas: croutons, yogurt swirl, fresh dill. Make-ahead and freezing instructions (freezes 3 months).",1100,one main recipe with stovetop + Instant Pot options; extremely high fiber highlight; smoky variation; freezing instructions
47,Whole Wheat vs White Pasta Fiber,Stop eating empty carbs! The massive fiber difference between whole wheat and white pasta. Simple swap for weight loss. #WholeWheat #CarbSmart #HighFiber,#HealthySwaps #WholeGrains #HighFiber #PastaLover #WeightLossTips,Whole Wheat vs White Pasta Fiber - detailed close-up shot for healthy weight management,Gut Health Tips and Nutrition Charts,,,nutrition,whole-wheat-vs-white-pasta-fiber,1,whole-wheat-vs-white-pasta-fiber_v1.jpg,https://www.daily-life-hacks.com/whole-wheat-vs-white-pasta-fiber?utm_content=v1,draft,"Write a nutrition comparison article: Whole Wheat vs White Pasta. Compare per serving: fiber (whole wheat 6g vs white 2.5g), calories, protein, B vitamins, glycemic index. Explain what's removed in white pasta (bran and germ). Cooking differences (whole wheat needs 1-2 min more, slightly nuttier taste). Taste transition tips for picky eaters (start with 50/50 blend). Include comparison table. Mention high-fiber alternatives (chickpea, lentil) as a bonus. Balanced tone - white pasta isn't 'bad'.",1000,side-by-side comparison; what's removed in processing; cooking tips; 50/50 transition trick; balanced non-judgmental tone
48,Water and Fiber The Golden Rule,Eating fiber but still constipated? You might be dehydrated! The 50/50 rule of Fiber + Water for perfect digestion. #Hydration #FiberTips #GutHealth,#HydrationKey #FiberIntake #GutRelief #DigestionHacks #HealthTips,Water and Fiber The Golden Rule - appetizing food presentation for natural nutrition,Gut Health Tips and Nutrition Charts,,,nutrition,water-and-fiber-the-golden-rule,1,water-and-fiber-the-golden-rule_v1.jpg,https://www.daily-life-hacks.com/water-and-fiber-the-golden-rule?utm_content=v1,draft,"Write a nutrition article about the relationship between water and fiber. Explain why fiber needs water to work properly (soluble fiber absorbs water to form gel, insoluble needs water for bulk). The golden rule: for every 5g of extra fiber, drink an extra 8 oz of water. Symptoms of high fiber without enough water (bloating, constipation - the opposite of what you want). Daily water targets by fiber intake level. Practical hydration tips: infused water ideas, timing with meals, tracking methods. Keep it simple and actionable.",1000,fiber + water mechanism; 5g/8oz rule; symptoms without water; daily targets; practical hydration tips
49,High Fiber Salad Dressings Homemade,Don't ruin your salad with sugar! DIY Tahini and Lemon dressing recipes packed with fiber and healthy fats. #SaladDressing #HealthySauce #TahiniRecipe,#HealthyDressing #Tahini #HighFiber #SaladInspo #CleanEating,High Fiber Salad Dressings Homemade - fresh meal in glass containers for natural nutrition,High Fiber Dinner and Gut Health Recipes,,,recipes,high-fiber-salad-dressings-homemade,1,high-fiber-salad-dressings-homemade_v1.jpg,https://www.daily-life-hacks.com/high-fiber-salad-dressings-homemade?utm_content=v1,draft,"Write a recipe article for 4 homemade high-fiber salad dressings. Each with exact measurements: (1) Lemon Tahini (tahini, lemon juice, garlic, water, salt - adds 1g fiber per tbsp from tahini), (2) Avocado Cilantro Lime (avocado, cilantro, lime, yogurt), (3) White Bean Caesar (white beans, lemon, Dijon, garlic, olive oil - fiber from beans), (4) Hummus Vinaigrette (hummus thinned with olive oil and red wine vinegar). Why homemade dressings can add fiber vs store-bought (zero fiber). Shelf life for each.",1000,4 dressings with exact measurements; fiber content per serving; homemade vs store-bought advantage; storage life
50,Tabbouleh Salad High Fiber Bulgur,Fresh parsley and bulgur wheat salad. Authentic Tabbouleh recipe for a high-fiber detox lunch. Light and zesty. #Tabbouleh #MediterraneanFood #HighFiberLunch,#Tabbouleh #HealthyLunch #DetoxSalad #HighFiber #VeganRecipes,Tabbouleh Salad High Fiber Bulgur - appetizing bowl with colorful ingredients for natural body cleanse,High Fiber Dinner and Gut Health Recipes,,,recipes,tabbouleh-salad-high-fiber-bulgur,1,tabbouleh-salad-high-fiber-bulgur_v1.jpg,https://www.daily-life-hacks.com/tabbouleh-salad-high-fiber-bulgur?utm_content=v1,draft,"Write a recipe article for Tabbouleh Salad made with bulgur wheat. ONE main recipe: traditional tabbouleh with bulgur, flat-leaf parsley (lots), tomatoes, cucumber, green onion, lemon juice, olive oil, salt, mint (exact measurements). Explain bulgur preparation (soak in hot water 20 min, no cooking needed). Nutrition per serving (~200 cal, 8g fiber). Bulgur spotlight: highest fiber grain (8g per cup cooked). Add a quinoa variation for gluten-free option. Serving suggestions: with pita, as lettuce wraps, alongside grilled protein.",1000,one traditional recipe; bulgur preparation method; bulgur as top fiber grain; GF quinoa variation; serving ideas
51,Pear Salad with Walnuts Fiber Rich,"Sweet and Savory. Pear, Walnut and Blue Cheese salad. Pears are one of the highest fiber fruits! #PearSalad #HealthyDinner #HighFiberRecipes",#SaladRecipe #HighFiberFruit #HealthyEating #GourmetSalad #GutHealth,Pear Salad with Walnuts Fiber Rich - professionally plated meal for natural nutrition,High Fiber Dinner and Gut Health Recipes,,,recipes,pear-salad-with-walnuts-fiber-rich,1,pear-salad-with-walnuts-fiber-rich_v1.jpg,https://www.daily-life-hacks.com/pear-salad-with-walnuts-fiber-rich?utm_content=v1,draft,"Write a recipe article for a Pear & Walnut Salad. ONE main recipe: sliced pears, mixed greens, toasted walnuts, crumbled blue cheese (or goat cheese), dried cranberries, balsamic vinaigrette (exact measurements). Pear nutrition spotlight: one medium pear = 5.5g fiber (eat with skin!). Add 2 variations: Asian Pear Salad (sesame dressing, almonds), Autumn Pear Salad (maple dressing, pecans, pomegranate). Tips on choosing ripe pears. Why pears are an underrated fiber fruit.",1000,one main recipe; pear nutrition spotlight; eat with skin tip; 2 variations; underrated fiber fruit angle
52,High Fiber Bran Muffins That Taste Good,Not your grandma's muffins! Moist High Fiber Bran Muffins with raisins and honey. Best breakfast for regularity. #BranMuffins #HealthyBaking #ConstipationRelief,#BranMuffins #BreakfastIdeas #HighFiber #GutHealth #Baking,High Fiber Bran Muffins That Taste Good - appetizing food presentation for natural digestive relief,"Healthy Breakfast, Smoothies and Snacks",,,recipes,high-fiber-bran-muffins-that-taste-good,1,high-fiber-bran-muffins-that-taste-good_v1.jpg,https://www.daily-life-hacks.com/high-fiber-bran-muffins-that-taste-good?utm_content=v1,draft,"Write a recipe article for High Fiber Bran Muffins That Actually Taste Good. ONE main recipe: wheat bran, whole wheat flour, buttermilk, egg, brown sugar, molasses, oil, baking soda, cinnamon, raisins (exact measurements). Bake 375F for 18-20 min, makes 12 muffins. Nutrition per muffin (~180 cal, 5g fiber). The secrets to moist bran muffins: buttermilk, molasses, don't overmix, let batter rest 10 min. Add 3 mix-in variations: Blueberry, Apple Walnut, Banana Chocolate Chip. Freezer-friendly (freeze 2 months).",1100,one main recipe; moisture secrets; per-muffin nutrition; 3 mix-in variations; freezer-friendly
53,High Fiber Stir Fry Vegetables,"Dinner in 10 mins. High Fiber Veggie Stir-Fry with broccoli, snap peas and peppers. Low calorie volume eating. #StirFry #VeggieDinner #HighFiber",#StirFry #HealthyDinner #VolumeEating #HighFiber #VeganFood,High Fiber Stir Fry Vegetables - dynamic cooking action shot for natural nutrition,High Fiber Dinner and Gut Health Recipes,,,recipes,high-fiber-stir-fry-vegetables,1,high-fiber-stir-fry-vegetables_v1.jpg,https://www.daily-life-hacks.com/high-fiber-stir-fry-vegetables?utm_content=v1,draft,"Write a recipe article for a Quick High-Fiber Vegetable Stir-Fry. ONE main recipe: broccoli, snap peas, bell pepper, carrots, edamame, garlic, ginger, soy sauce, sesame oil, served over brown rice (exact measurements, 15 min cook time). Stir-fry technique tips: high heat, don't overcrowd pan, cook in batches, add sauce last. Nutrition per serving (~320 cal, 10g fiber with rice). Add 2 variations: Thai Peanut Stir-Fry, Teriyaki Stir-Fry. Why stir-frying retains more fiber than boiling vegetables.",1000,one main recipe; stir-fry technique; 2 variations; fiber retention in cooking; served over brown rice
54,High Fiber Burrito Bowl Meal Prep,"Chipotle at home! High Fiber Burrito Bowls with brown rice, black beans, corn and salsa. Save money and calories. #BurritoBowl #MealPrep #HealthyLunch",#BurritoBowl #HealthyMexican #HighFiber #MealPrepSunday #WeightLoss,High Fiber Burrito Bowl Meal Prep - appetizing bowl with colorful ingredients with beans for natural nutrition,High Fiber Dinner and Gut Health Recipes,,,recipes,high-fiber-burrito-bowl-meal-prep,1,high-fiber-burrito-bowl-meal-prep_v1.jpg,https://www.daily-life-hacks.com/high-fiber-burrito-bowl-meal-prep?utm_content=v1,draft,"Write a recipe article for a High-Fiber Burrito Bowl Meal Prep. ONE main recipe: cilantro lime brown rice, seasoned black beans, fajita vegetables (bell pepper, onion), corn, avocado, salsa, Greek yogurt drizzle (exact measurements, serves 4). Step-by-step meal prep assembly. Nutrition per bowl (~450 cal, 14g fiber). Store: components separate, assemble when eating, lasts 4 days. Add a chicken version and a tofu version. Compare to Chipotle (similar fiber, half the sodium). Lunch or dinner versatility.",1200,one main recipe; meal prep assembly method; nutrition per bowl; separate storage tip; Chipotle comparison
55,Apples with Peanut Butter Snack,"The classic combo. Why Apple + Peanut Butter is the perfect high fiber, high protein weight loss snack. #HealthySnacks #ApplesAndPB #HighFiber",#SnackTime #HighFiber #ProteinSnack #WeightLossFood #SimpleEating,Apples with Peanut Butter Snack - appetizing food presentation for healthy weight management,"Healthy Breakfast, Smoothies and Snacks",,,recipes,apples-with-peanut-butter-snack,1,apples-with-peanut-butter-snack_v1.jpg,https://www.daily-life-hacks.com/apples-with-peanut-butter-snack?utm_content=v1,draft,"Write a short, fun recipe/snack article about apple slices with peanut butter as the perfect high-fiber snack. Nutrition breakdown: 1 medium apple (4.4g fiber) + 2 tbsp peanut butter (1.6g fiber) = 6g fiber, ~290 cal. Why this combo works: fiber + protein + healthy fat = sustained energy. 5 creative upgrades: (1) add granola, (2) drizzle honey + cinnamon, (3) top with chia seeds, (4) use almond butter + dark chocolate chips, (5) spread on apple rounds like 'cookies'. Best apple varieties for pairing (Honeycrisp, Granny Smith, Fuji). Quick after-school or work snack.",800,nutrition breakdown of combo; why it works; 5 creative upgrades; best apple varieties; quick and simple
56,Lentil Curry High Fiber Vegan Dinner,Spicy and Satisfying. Creamy Coconut Lentil Curry recipe. A fiber bomb that tastes amazing. #LentilCurry #VeganDinner #HighFiber,#VeganCurry #Lentils #HighFiber #DinnerIdeas #PlantBasedProtein,Lentil Curry High Fiber Vegan Dinner - appetizing bowl with colorful ingredients for natural nutrition,High Fiber Dinner and Gut Health Recipes,,,recipes,lentil-curry-high-fiber-vegan-dinner,1,lentil-curry-high-fiber-vegan-dinner_v1.jpg,https://www.daily-life-hacks.com/lentil-curry-high-fiber-vegan-dinner?utm_content=v1,draft,"Write a recipe article for High-Fiber Lentil Curry. ONE main recipe: Red Lentil Coconut Curry with red lentils, coconut milk, onion, garlic, ginger, tomato paste, curry powder, turmeric, cumin, spinach (exact measurements, 30 min one-pot). Served over brown rice or with naan. Nutrition per serving (~380 cal, 12g fiber, 15g protein). Lentil types explained: red (fastest, creamy), green (hold shape), brown (earthy). Add a variation: Yellow Dal with Spinach. Make-ahead: tastes better next day. Freezes 3 months.",1200,one main one-pot recipe; lentil types guide; nutrition info; dal variation; make-ahead and freezing tips
57,High Fiber Whole Wheat Waffles,Weekend brunch made healthy. Fluffy Whole Wheat Waffles topped with fresh fruit. 3x the fiber of regular waffles! #HealthyWaffles #BrunchIdeas #HighFiberBreakfast,#Waffles #HealthyBrunch #WholeWheat #HighFiber #BreakfastGoals,High Fiber Whole Wheat Waffles - appetizing food presentation for a healthy morning,"Healthy Breakfast, Smoothies and Snacks",,,recipes,high-fiber-whole-wheat-waffles,1,high-fiber-whole-wheat-waffles_v1.jpg,https://www.daily-life-hacks.com/high-fiber-whole-wheat-waffles?utm_content=v1,draft,"Write a recipe article for High-Fiber Whole Wheat Waffles. ONE main recipe: whole wheat flour, oat flour, flaxseed meal, milk, egg, maple syrup, butter, baking powder, vanilla, cinnamon (exact measurements, makes 6 waffles). Waffle iron instructions. Nutrition per waffle (~220 cal, 5g fiber). Crispy waffle tips: don't open too early, let steam escape, slightly underfill iron. Add 3 topping combos: Berry Compote, Banana PB, Yogurt & Granola. Freezer method: freeze individually, toast from frozen. Weekend breakfast that meal preps.",1000,one main recipe; crispy waffle technique; per-waffle nutrition; 3 toppings; freeze-and-toast method
58,High Fiber Pumpkin Seeds Benefits,Don't throw them away! Roasted pumpkin seeds (Pepitas) are a fiber and magnesium goldmine. Best snack for sleep and gut. #PumpkinSeeds #Superfood #HealthySnacks,#Pepitas #Magnesium #HighFiber #SleepHacks #GutHealth,High Fiber Pumpkin Seeds Benefits - appetizing food presentation with seeds for healthy snacking,"Healthy Breakfast, Smoothies and Snacks",,,nutrition,high-fiber-pumpkin-seeds-benefits,1,high-fiber-pumpkin-seeds-benefits_v1.jpg,https://www.daily-life-hacks.com/high-fiber-pumpkin-seeds-benefits?utm_content=v1,draft,"Write a nutrition article about pumpkin seeds (pepitas) as a high-fiber snack. Nutrition per 1 oz: 5g fiber, 7g protein, 13g fat (healthy), 126 cal, plus magnesium, zinc, iron. Raw vs roasted comparison. How to roast at home (375F, 15 min, toss with olive oil and salt). 5 ways to use pumpkin seeds: snack, salad topper, smoothie add-in, soup garnish, trail mix. Buying tips: hulled (green pepitas) vs unhulled (white shells). Storage: airtight container, cool dry place, 3 months.",1000,nutrition per oz; raw vs roasted; home roasting method; 5 usage ideas; hulled vs unhulled; storage
59,High Fiber Raspberry Jam Recipe Chia,"Ditch the sugar! 3-Ingredient Chia Seed Raspberry Jam. High fiber, low sugar and sets in 10 minutes. #ChiaJam #HealthyRecipes #SugarFree",#HealthyJam #ChiaSeeds #LowSugar #HighFiber #BreakfastTopping,High Fiber Raspberry Jam Recipe Chia - fresh meal in glass containers with chia seeds for natural nutrition,"Healthy Breakfast, Smoothies and Snacks",,,recipes,high-fiber-raspberry-jam-recipe-chia,1,high-fiber-raspberry-jam-recipe-chia_v1.jpg,https://www.daily-life-hacks.com/high-fiber-raspberry-jam-recipe-chia?utm_content=v1,draft,"Write a recipe article for Homemade High-Fiber Chia Seed Raspberry Jam. ONE main recipe: fresh or frozen raspberries, chia seeds, maple syrup, lemon juice (exact measurements - just 4 ingredients!). Stovetop method: 10 min total. How chia seeds create jam texture without pectin. Nutrition per tablespoon (~20 cal, 1.5g fiber). Compare to store-bought jam (sugar + no fiber). Add 2 variations: Strawberry Chia Jam, Mixed Berry Chia Jam. Storage: fridge 2 weeks, freezer 3 months. Use ideas: toast, yogurt, oatmeal, PB&J.",900,4-ingredient recipe; chia as pectin replacement; per-tbsp nutrition; store-bought comparison; 2 variations
60,Edamame Beans High Fiber Snack,"The perfect movie snack. Steamed Edamame with sea salt. High protein, high fiber and fun to eat! #Edamame #HealthySnacks #PlantProtein",#Edamame #VeganSnack #HighFiber #ProteinRich #HealthyEating,Edamame Beans High Fiber Snack - appetizing bowl with colorful ingredients for healthy snacking,"Healthy Breakfast, Smoothies and Snacks",,,recipes,edamame-beans-high-fiber-snack,1,edamame-beans-high-fiber-snack_v1.jpg,https://www.daily-life-hacks.com/edamame-beans-high-fiber-snack?utm_content=v1,draft,"Write a snack-focused article about edamame as a high-fiber superfood snack. Nutrition per cup (shelled): 8g fiber, 17g protein, 188 cal. How to prepare: boil frozen 5 min or microwave 3 min, sprinkle with sea salt. 5 seasoning ideas: (1) Garlic Parmesan, (2) Chili Lime, (3) Everything Bagel, (4) Sesame Ginger, (5) Spicy Sriracha. Fresh vs frozen (frozen is just as nutritious). Why edamame is unique: one of the only complete plant proteins. Great for: snack, appetizer, salad topper, lunch box addition.",900,nutrition per cup; cooking methods; 5 seasonings; complete protein fact; fresh vs frozen
61,High Fiber Barley Soup Recipe,Forget rice! Barley is the grain king of fiber. Hearty Mushroom Barley Soup recipe for cold nights. #BarleySoup #HealthyDinner #HighFiberGrains,#SoupSeason #Barley #HighFiber #VeganDinner #HeartyMeals,High Fiber Barley Soup Recipe - appetizing bowl with colorful ingredients with whole grains for natural nutrition,High Fiber Dinner and Gut Health Recipes,,,recipes,high-fiber-barley-soup-recipe,1,high-fiber-barley-soup-recipe_v1.jpg,https://www.daily-life-hacks.com/high-fiber-barley-soup-recipe?utm_content=v1,draft,"Write a recipe article for High-Fiber Barley Soup. ONE main recipe: Mushroom Barley Soup with pearl barley, mixed mushrooms, carrots, celery, onion, garlic, vegetable broth, thyme, bay leaf (exact measurements, 45 min simmer). Nutrition per serving (~280 cal, 10g fiber). Barley spotlight: 6g fiber per cup cooked, also high in beta-glucan (heart-friendly). Pearl vs hulled barley explained. Add a variation: Beef & Barley Soup. Make-ahead tip: soup thickens overnight, add broth when reheating. Freezes well (3 months).",1100,one main recipe; barley nutrition spotlight; pearl vs hulled; variation; make-ahead and freezing
62,High Fiber Coconut Flour Recipes,Baking with fiber! Coconut flour has 10x more fiber than wheat. Best pancakes and muffin recipes for keto diet. #CoconutFlour #KetoBaking #HighFiber,#KetoBreakfast #GlutenFree #HighFiber #CoconutFlour #HealthyBaking,High Fiber Coconut Flour Recipes - appetizing food presentation for natural nutrition,"Healthy Breakfast, Smoothies and Snacks",,,recipes,high-fiber-coconut-flour-recipes,1,high-fiber-coconut-flour-recipes_v1.jpg,https://www.daily-life-hacks.com/high-fiber-coconut-flour-recipes?utm_content=v1,draft,"Write a recipe article featuring 3 high-fiber coconut flour recipes. Explain coconut flour basics: extremely absorbent (use 1/4 the amount of regular flour), high fiber (5g per 2 tbsp), grain-free and gluten-free. Recipes: (1) Coconut Flour Pancakes (exact recipe, makes 6), (2) Coconut Flour Banana Bread (exact recipe, 350F), (3) Coconut Flour Crackers (exact recipe, crispy). Key baking tip: always use more eggs with coconut flour (it absorbs a lot). Per-serving nutrition for each recipe.",1100,coconut flour basics and absorption rule; 3 full recipes; extra eggs tip; per-serving nutrition; GF angle
63,Broccoli Stalk Recipes Waste Free,Stop wasting the best part! Broccoli stalks have MORE fiber than the florets. How to roast and spiralize them. #ZeroWaste #BroccoliStalks #HighFiber,#ZeroWasteKitchen #BroccoliRecipes #HighFiber #SustainableEating #VeggieHacks,Broccoli Stalk Recipes Waste Free - dynamic cooking action shot for natural nutrition,High Fiber Dinner and Gut Health Recipes,,,recipes,broccoli-stalk-recipes-waste-free,1,broccoli-stalk-recipes-waste-free_v1.jpg,https://www.daily-life-hacks.com/broccoli-stalk-recipes-waste-free?utm_content=v1,draft,"Write a recipe article about using broccoli stalks (zero-waste, high-fiber). Explain that stalks have the same fiber and nutrients as florets - most people throw them away. How to prep: peel tough outer layer, reveal tender core. 4 recipes: (1) Broccoli Stalk Slaw (shredded, mayo-free dressing), (2) Broccoli Stalk Fries (oven-baked, 425F), (3) Broccoli Stalk Soup (blended, creamy without cream), (4) Stalk Stir-Fry Strips. Exact measurements for each. Food waste angle: Americans waste 30-40% of food. Feel-good sustainability message.",1100,zero-waste angle; stalk prep technique; 4 recipes; stalk vs floret nutrition equality; food waste statistics
64,High Fiber Figs Benefits Fresh vs Dried,"Nature's candy. Fresh vs Dried Figs - both are constipation cures! Sweet, chewy and fiber-packed. #Figs #GutHealth #NaturalLaxative",#Figs #ConstipationCure #FruitLover #HighFiber #HealthyTreat,High Fiber Figs Benefits Fresh vs Dried - appetizing food presentation for natural digestive relief,Gut Health Tips and Nutrition Charts,,,nutrition,high-fiber-figs-benefits-fresh-vs-dried,1,high-fiber-figs-benefits-fresh-vs-dried_v1.jpg,https://www.daily-life-hacks.com/high-fiber-figs-benefits-fresh-vs-dried?utm_content=v1,draft,"Write a nutrition article about figs as a high-fiber food. Compare fresh vs dried: fresh (1.4g fiber per fig, 30 cal) vs dried (1.5g fiber per fig, 47 cal). Nutrition spotlight: calcium, potassium, magnesium. How to eat fresh figs (ripe when soft, eat whole including skin). How to eat dried figs (snack, oatmeal, baking). 3 quick recipe ideas: fig & goat cheese crostini, fig oatmeal, fig energy balls. Seasonal availability: fresh figs June-September. Buying and storing tips.",1000,fresh vs dried comparison; nutrition spotlight; how to eat each; 3 recipe ideas; seasonality; storage
65,Keto Granola High Fiber Recipe,"Crunchy without the carbs. Keto Granola with nuts, seeds and coconut. The ultimate high fiber yogurt topper. #KetoGranola #LowCarbBreakfast #HighFiber",#KetoBreakfast #GrainFree #HighFiber #HealthyCereal #LowCarb,"Keto Granola High Fiber Recipe - appetizing bowl with colorful ingredients with yogurt, nuts, seeds for a healthy morning","Healthy Breakfast, Smoothies and Snacks",,,recipes,keto-granola-high-fiber-recipe,1,keto-granola-high-fiber-recipe_v1.jpg,https://www.daily-life-hacks.com/keto-granola-high-fiber-recipe?utm_content=v1,draft,"Write a recipe article for Keto High-Fiber Granola. ONE main recipe: unsweetened coconut flakes, almonds, pecans, pumpkin seeds, sunflower seeds, chia seeds, cinnamon, coconut oil, sugar-free sweetener (exact measurements). Bake 300F for 20-25 min, stir halfway. Nutrition per 1/3 cup: ~200 cal, 4g net carbs, 5g fiber, 16g fat. Why regular granola is a keto trap (30g+ carbs per serving). Storage: airtight jar, 2 weeks room temp. Serving: with unsweetened almond milk, over yogurt, as snack.",1000,one detailed recipe; per-serving macros with net carbs; why regular granola fails keto; low bake temp tip; storage
66,High Fiber Side Dishes for Steak,"Balance your meat! Best high fiber sides to serve with steak: Roasted Brussels, Asparagus and Quinoa Salad. #SteakSides #HealthyDinner #BalancedMeal",#DinnerSides #Vegetables #HighFiber #SteakNight #HealthyPlate,High Fiber Side Dishes for Steak - professionally plated meal with whole grains for natural nutrition,High Fiber Dinner and Gut Health Recipes,,,recipes,high-fiber-side-dishes-for-steak,1,high-fiber-side-dishes-for-steak_v1.jpg,https://www.daily-life-hacks.com/high-fiber-side-dishes-for-steak?utm_content=v1,draft,"Write a recipe article with 5 high-fiber side dishes for steak dinner. Each with full recipe: (1) Roasted Brussels Sprouts with Balsamic (400F, 20 min), (2) Garlic Sauteed Broccoli with Lemon, (3) Sweet Potato Wedges (425F, 25 min), (4) Grilled Asparagus with Parmesan, (5) Black Bean & Corn Salad. Fiber per serving for each. Why pairing steak with high-fiber sides matters (meat has zero fiber). Quick enough for weeknight dinner. All recipes under 15 min active prep time.",1100,5 full side recipes; fiber per serving each; meat has zero fiber point; all quick prep; temperatures included
67,High Fiber Fruit Salad Recipe,"Not all fruit is equal! The ultimate High Fiber Fruit Salad: Berries, Kiwi, Pears and Apples. #FruitSalad #HealthyDessert #FiberRich",#FruitSalad #HealthySnack #VitaminC #HighFiber #FreshFruit,High Fiber Fruit Salad Recipe - appetizing bowl with colorful ingredients with berries for natural nutrition,"Healthy Breakfast, Smoothies and Snacks",,,recipes,high-fiber-fruit-salad-recipe,1,high-fiber-fruit-salad-recipe_v1.jpg,https://www.daily-life-hacks.com/high-fiber-fruit-salad-recipe?utm_content=v1,draft,"Write a recipe article for a High-Fiber Fruit Salad. ONE main recipe: raspberries, pear (with skin), apple (with skin), kiwi, orange segments, blueberries, pomegranate seeds, honey-lime-mint dressing (exact measurements). Total fiber per serving (~8g). Rank the fruits by fiber content. Tips: cut fruit right before serving, toss with citrus to prevent browning. Add 2 seasonal variations: Summer (stone fruits, berries) and Winter (citrus, pomegranate, persimmon). Why fruit salad beats fruit juice for fiber (juice removes all fiber).",1000,one main recipe; fruits ranked by fiber; anti-browning tips; 2 seasonal variations; whole fruit vs juice
68,Bulgur Wheat Benefits vs Rice,Why Middle Easterns are thin? Bulgur wheat has more fiber and protein than brown rice! How to cook it. #Bulgur #HealthyGrains #WeightLossSecrets,#BulgurWheat #SuperGrains #HighFiber #HealthySwaps #Nutrition,Bulgur Wheat Benefits vs Rice - appetizing bowl with colorful ingredients with whole grains for natural nutrition,Gut Health Tips and Nutrition Charts,,,nutrition,bulgur-wheat-benefits-vs-rice,1,bulgur-wheat-benefits-vs-rice_v1.jpg,https://www.daily-life-hacks.com/bulgur-wheat-benefits-vs-rice?utm_content=v1,draft,"Write a nutrition comparison: Bulgur Wheat vs Rice. Compare per cup cooked: bulgur (8g fiber, 151 cal, 6g protein) vs brown rice (3.5g fiber, 216 cal, 5g protein) vs white rice (0.6g fiber, 206 cal). Bulgur wins on fiber by 2x. Explain what bulgur is (cracked wheat, partially pre-cooked). How to cook (just soak in hot water 20 min). Include comparison table. Best uses for each grain. 2 quick bulgur recipes: tabbouleh, pilaf. Note: bulgur contains gluten. Balanced tone - all grains have their place.",1000,three-way comparison table; bulgur preparation ease; 2 quick recipes; gluten note; balanced tone
69,High Fiber Sandwich Ideas Work Lunch,"Boring sandwich? No way. High fiber sandwich hacks: Sprouted bread, Hummus, Avocado and tons of Veggies. #HealthySandwich #LunchIdeas #HighFiber",#SandwichLover #HealthyLunch #SproutedBread #HighFiber #WorkLunch,"High Fiber Sandwich Ideas Work Lunch - fresh sliced bread with fresh vegetables, avocado, whole grain bread for natural nutrition",High Fiber Dinner and Gut Health Recipes,,,recipes,high-fiber-sandwich-ideas-work-lunch,1,high-fiber-sandwich-ideas-work-lunch_v1.jpg,https://www.daily-life-hacks.com/high-fiber-sandwich-ideas-work-lunch?utm_content=v1,draft,"Write a practical article with 5 high-fiber sandwich ideas for work lunch. Each with exact ingredients: (1) Whole Wheat Hummus Veggie Wrap (hummus, spinach, cucumber, bell pepper, shredded carrot), (2) Black Bean & Avocado on Whole Grain (mashed black beans, avocado, tomato, onion), (3) PB & Banana on Whole Wheat (peanut butter, banana, chia seeds, honey), (4) Chickpea 'Tuna' Salad Sandwich, (5) Turkey & Apple on Whole Grain with Spinach. Fiber per sandwich. Pack-ahead tips: which hold up overnight, which need morning assembly.",1100,5 sandwiches with exact ingredients; fiber per sandwich; pack-ahead viability; work lunch practical focus
70,Best High Fiber Cereal Brands 2026,"Don't eat cardboard. The best tasting High Fiber Cereals for 2026 ranked. Bran flakes, Shredded wheat and more. #HealthyCereal #BreakfastReview #HighFiber",#CerealKiller #HealthyBreakfast #HighFiber #GroceryHaul #BreakfastTime,Best High Fiber Cereal Brands 2026 - appetizing bowl with colorful ingredients for a healthy morning,Gut Health Tips and Nutrition Charts,,,nutrition,best-high-fiber-cereal-brands,1,best-high-fiber-cereal-brands_v1.jpg,https://www.daily-life-hacks.com/best-high-fiber-cereal-brands?utm_content=v1,draft,"Write a nutrition guide reviewing the best high-fiber breakfast cereals available in 2026. Evaluate 8-10 real cereal brands/types by fiber per serving: Fiber One (~14g), All-Bran (~10g), shredded wheat (~6g), Grape Nuts (~7g), oat-based cereals (~4g), and regular cereals as baseline (~1g). What to look for on labels: fiber grams, added sugar (under 6g), whole grain first ingredient. Warning signs: 'fiber added' (isolated fibers like inulin aren't the same). Include a ranking table. Budget picks vs premium picks.",1100,8-10 real cereals ranked; fiber per serving; label reading guide; added vs natural fiber warning; ranking table
71,Guava High Fiber Superfruit,"The fiber king of fruits! One cup of Guava has 9 grams of fiber. Tropical, sweet and amazing for digestion. #Guava #Superfruit #TropicalDiet",#Guava #TropicalFruit #HighFiber #VitaminC #ExoticFruit,Guava High Fiber Superfruit - appetizing food presentation for natural nutrition,Gut Health Tips and Nutrition Charts,,,nutrition,guava-high-fiber-superfruit,1,guava-high-fiber-superfruit_v1.jpg,https://www.daily-life-hacks.com/guava-high-fiber-superfruit?utm_content=v1,draft,"Write a nutrition spotlight article on guava as a high-fiber superfruit. Nutrition per fruit: 3g fiber (one of the highest fiber fruits per serving), 37 cal, 4x more vitamin C than an orange. How to eat guava: ripe when slightly soft, eat whole including seeds and skin. Different varieties: pink, white, strawberry guava. 3 recipe ideas: guava smoothie, guava salsa, guava paste with cheese. Where to buy (tropical grocery stores, international markets, some Walmart/Target). Seasonal availability and storage tips.",900,nutrition per fruit; vitamin C comparison; how to eat whole; varieties; 3 recipe ideas; where to buy
72,Roasted Root Vegetables High Fiber,"Winter's candy. Roasted Carrots, Parsnips and Beets. Sweet, caramelized and packed with gut-loving fiber. #RoastedVeggies #WinterRecipes #HighFiber",#RootVegetables #HealthySides #HighFiber #VeganRecipes #EatTheRainbow,Roasted Root Vegetables High Fiber - golden roasted snack with fresh vegetables for natural nutrition,High Fiber Dinner and Gut Health Recipes,,,recipes,roasted-root-vegetables-high-fiber,1,roasted-root-vegetables-high-fiber_v1.jpg,https://www.daily-life-hacks.com/roasted-root-vegetables-high-fiber?utm_content=v1,draft,"Write a recipe article for Roasted Root Vegetables as a high-fiber side dish. ONE main recipe: carrots, parsnips, sweet potato, beets, turnips, olive oil, rosemary, thyme, garlic, salt, pepper (exact measurements). Roast 425F for 35-40 min, toss halfway. Why roasting caramelizes and enhances flavor. Nutrition per serving (~200 cal, 7g fiber). Root vegetable fiber comparison chart. Add 2 seasoning variations: Maple Balsamic, Moroccan Spiced (cumin, cinnamon, harissa). Meal prep: roast Sunday, use all week in bowls, salads, wraps.",1100,one main recipe; roasting technique; root vegetable fiber chart; 2 seasoning variations; meal prep angle
73,High Fiber Indian Food Options,"Love curry? Best high fiber Indian dishes to order: Chana Masala, Dal and Baingan Bharta. #IndianFood #HealthyTakeout #HighFiber",#IndianCuisine #HealthyEating #HighFiber #SpicyFood #VegetarianOptions,High Fiber Indian Food Options - fresh sliced bread for natural nutrition,Gut Health Tips and Nutrition Charts,,,nutrition,high-fiber-indian-food-options,1,high-fiber-indian-food-options_v1.jpg,https://www.daily-life-hacks.com/high-fiber-indian-food-options?utm_content=v1,draft,"Write a fun nutrition guide to high-fiber options in Indian cuisine. Cover 10+ naturally high-fiber Indian dishes: dal (lentil soup), chana masala (chickpea curry), rajma (kidney bean curry), palak paneer (spinach), aloo gobi (potato cauliflower), bhindi masala (okra), roti/chapati (whole wheat flatbread), brown rice biryani, sambar, idli. Fiber per serving for each. Why Indian cuisine is naturally fiber-rich (legume-heavy, whole grains, lots of vegetables). Tips for ordering at Indian restaurants. Approachable tone for non-Indian readers.",1200,10+ Indian dishes with fiber counts; why Indian food is naturally high-fiber; restaurant ordering tips; approachable tone
74,Sunflower Seeds Benefits for Skin and Gut,Tiny but mighty! Sunflower seeds are full of Vitamin E and Fiber. The beauty snack for glowing skin. #SunflowerSeeds #BeautyFood #HighFiber,#SunflowerSeeds #VitaminE #SkinHealth #GutSupport #HealthySnack,Sunflower Seeds Benefits for Skin and Gut - detailed close-up shot with seeds for healthy snacking,Gut Health Tips and Nutrition Charts,,,nutrition,sunflower-seeds-benefits-for-skin-and-gut,1,sunflower-seeds-benefits-for-skin-and-gut_v1.jpg,https://www.daily-life-hacks.com/sunflower-seeds-benefits-for-skin-and-gut?utm_content=v1,draft,"Write a nutrition article about sunflower seeds benefits. Nutrition per 1 oz: 3g fiber, 5.5g protein, 14g fat (mostly polyunsaturated), 164 cal, plus vitamin E (47% DV), selenium, magnesium. Raw vs roasted comparison. Shell-on vs shelled. 5 ways to use: snack, salad topper, sunflower seed butter, baking ingredient, homemade trail mix. How sunflower seeds support skin health (vitamin E) and gut health (fiber + healthy fats). Buying tips: unsalted for cooking, salted for snacking. Storage: airtight, fridge for longer freshness.",1000,nutrition per oz with vitamin E highlight; raw vs roasted; 5 uses; skin + gut angle; buying and storage
75,High Fiber Baked Potato Toppings,"Not just sour cream! Loaded Baked Potato with Broccoli, Cheese and Chili. A complete high fiber meal. #BakedPotato #DinnerIdeas #ComfortFood",#LoadedPotato #HealthyDinner #HighFiber #BudgetMeals #EasyRecipes,High Fiber Baked Potato Toppings - hearty soup in rustic pot for natural nutrition,High Fiber Dinner and Gut Health Recipes,,,recipes,high-fiber-baked-potato-toppings,1,high-fiber-baked-potato-toppings_v1.jpg,https://www.daily-life-hacks.com/high-fiber-baked-potato-toppings?utm_content=v1,draft,"Write a recipe article for High-Fiber Baked Potato Toppings. Base: one large baked potato (4g fiber, bake 400F for 60 min or microwave 8-10 min). 6 loaded topping combos with exact measurements: (1) Classic Broccoli Cheddar, (2) Black Bean Southwest, (3) Chili Loaded, (4) Mediterranean (hummus, cucumber, tomato, feta), (5) BBQ Chicken, (6) Breakfast Potato (egg, cheese, spinach). Nutrition per loaded potato. Tips: eat the skin (that's where the fiber is!). Why baked potato is an underrated meal base.",1100,base baking method; 6 topping combos; eat-the-skin tip; nutrition per combo; potato as underrated meal
76,High Fiber Dark Chocolate Benefits,Dessert is good for you! 70% Dark Chocolate has fiber and iron. The best way to end your day. #DarkChocolate #HealthyTreats #Superfood,#DarkChocolate #Antioxidants #HighFiber #HealthyDessert #Chocoholic,High Fiber Dark Chocolate Benefits - appetizing food presentation for natural nutrition,Gut Health Tips and Nutrition Charts,,,nutrition,high-fiber-dark-chocolate-benefits,1,high-fiber-dark-chocolate-benefits_v1.jpg,https://www.daily-life-hacks.com/high-fiber-dark-chocolate-benefits?utm_content=v1,draft,"Write a fun nutrition article about dark chocolate and fiber. Surprise fact: 1 oz dark chocolate (70-85% cacao) has 3.1g fiber. Compare cacao percentages: 70% (~3g fiber) vs 85% (~4g fiber) vs milk chocolate (~1g). Other dark chocolate benefits: antioxidants, iron, magnesium. Recommended portion: 1-1.5 oz per day. How to choose quality dark chocolate (cacao first ingredient, minimal sugar). 3 ways to add dark chocolate to fiber-rich foods: oatmeal, trail mix, dipped fruit. This is not a license to binge - portion matters!",900,surprise fiber content; cacao percentage comparison; recommended portion; quality choosing tips; 3 food pairings
77,Raspberry vs Strawberry Fiber Content,Berry Wars! Raspberries have 8g fiber per cup vs Strawberries 3g. Choose the winner for weight loss! #BerryBenefits #FruitComparison #HighFiber,#Raspberries #Strawberries #HighFiberFruit #WeightLossTips #HealthySwaps,Raspberry vs Strawberry Fiber Content - detailed close-up shot with berries for healthy weight management,Gut Health Tips and Nutrition Charts,,,nutrition,raspberry-vs-strawberry-fiber-content,1,raspberry-vs-strawberry-fiber-content_v1.jpg,https://www.daily-life-hacks.com/raspberry-vs-strawberry-fiber-content?utm_content=v1,draft,"Write a short nutrition comparison: Raspberry vs Strawberry fiber content. Raspberries (8g fiber per cup, 64 cal) vs strawberries (3g fiber per cup, 49 cal). Raspberries have nearly 3x the fiber! Why: raspberry seeds contain significant fiber. Other nutritional comparisons: vitamin C, antioxidants, sugar content. Best uses for each in high-fiber eating. Fresh vs frozen (frozen is equally nutritious and cheaper). 3 ways to eat more of each: smoothies, oatmeal topping, yogurt parfait. Both are great - but if fiber is your goal, raspberries win.",900,clear fiber comparison; why raspberries win (seeds); fresh vs frozen; 3 usage ideas; both are good message
78,High Fiber Japanese Food Sashimi,"Sushi night tips! Sashimi has no fiber, but Edamame and Seaweed Salad do! How to balance your Japanese order. #SushiNight #HealthyDining #JapaneseFood",#SeaweedSalad #Wakame #HighFiber #JapaneseDiet #HealthyEatingOut,High Fiber Japanese Food Sashimi - professionally plated meal for natural nutrition,Gut Health Tips and Nutrition Charts,,,nutrition,high-fiber-japanese-food-sashimi,1,high-fiber-japanese-food-sashimi_v1.jpg,https://www.daily-life-hacks.com/high-fiber-japanese-food-sashimi?utm_content=v1,draft,"Write a fun nutrition guide to finding fiber in Japanese food. Honest opener: traditional Japanese food isn't always high in fiber (white rice, sashimi = 0 fiber). But smart choices exist: edamame (8g fiber/cup), seaweed salad (5g), miso soup (2g), brown rice sushi (swap for free at many restaurants), vegetable tempura, soba noodles (buckwheat = more fiber than udon), hijiki seaweed, natto (if adventurous). How to order a high-fiber Japanese meal: start with edamame + miso, swap to brown rice, add seaweed salad. Fun, realistic tone.",1000,honest about low-fiber defaults; smart swaps; specific fiber counts; ordering strategy; fun realistic tone
79,High Fiber Breakfast Burrito Recipe,"Freezer friendly! High Fiber Breakfast Burritos with black beans, eggs and whole wheat tortilla. Prep 20 at once! #BreakfastBurrito #MealPrep #HighFiberBreakfast",#FreezerMeals #BreakfastPrep #HealthyBurrito #HighFiber #MorningHacks,High Fiber Breakfast Burrito Recipe - appetizing food presentation with beans for a healthy morning,"Healthy Breakfast, Smoothies and Snacks",,,recipes,high-fiber-breakfast-burrito-recipe,1,high-fiber-breakfast-burrito-recipe_v1.jpg,https://www.daily-life-hacks.com/high-fiber-breakfast-burrito-recipe?utm_content=v1,draft,"Write a recipe article for a High-Fiber Breakfast Burrito. ONE main recipe: whole wheat tortilla, scrambled eggs, black beans, sauteed bell peppers and onions, avocado, salsa, shredded cheese (exact measurements). Cook method: 10 min total. Nutrition per burrito (~420 cal, 12g fiber). Meal prep freezer version: wrap in foil, freeze up to 1 month, reheat from frozen in oven 20 min or microwave 2 min. Add 2 variations: Veggie (tofu scramble), Meat Lover (turkey sausage). Best grab-and-go breakfast for busy mornings.",1000,one main recipe; freezer prep method with reheat instructions; nutrition per burrito; 2 variations; grab-and-go angle
80,Dragon Fruit Benefits for Digestion,"The exotic gut healer. Dragon Fruit (Pitaya) is a prebiotic powerhouse. Looks amazing, tastes better. #DragonFruit #Pitaya #GutHealth",#DragonFruit #Pitaya #Prebiotics #GutHealth #ExoticFruit,Dragon Fruit Benefits for Digestion - appetizing food presentation for natural nutrition,Gut Health Tips and Nutrition Charts,,,nutrition,dragon-fruit-benefits-for-digestion,1,dragon-fruit-benefits-for-digestion_v1.jpg,https://www.daily-life-hacks.com/dragon-fruit-benefits-for-digestion?utm_content=v1,draft,"Write a nutrition spotlight on dragon fruit for digestion. Nutrition per cup: 5.6g fiber, 136 cal, rich in vitamin C, magnesium, prebiotics (oligosaccharides that feed gut bacteria). Types: white flesh (milder) vs pink/red flesh (sweeter). How to eat: cut in half, scoop with spoon, or peel and cube. How to pick ripe dragon fruit (bright color, slight give). 3 recipe ideas: dragon fruit smoothie bowl, dragon fruit salad, dragon fruit agua fresca. Where to buy: most grocery stores now carry them. Impressive but approachable.",900,nutrition with prebiotic highlight; white vs pink varieties; how to eat/pick; 3 recipe ideas; where to buy
81,High Fiber Coleslaw Recipe No Mayo,"Light and Crunchy. Vinegar based Coleslaw recipe with cabbage, carrots and seeds. The perfect high fiber side dish. #Coleslaw #HealthySides #NoMayo",#HealthySlaw #VeganSides #HighFiber #SummerFood #LightRecipes,"High Fiber Coleslaw Recipe No Mayo - appetizing bowl with colorful ingredients with cabbage, seeds for natural nutrition",High Fiber Dinner and Gut Health Recipes,,,recipes,high-fiber-coleslaw-recipe-no-mayo,1,high-fiber-coleslaw-recipe-no-mayo_v1.jpg,https://www.daily-life-hacks.com/high-fiber-coleslaw-recipe-no-mayo?utm_content=v1,draft,"Write a recipe article for High-Fiber Coleslaw Without Mayo. ONE main recipe: shredded green and red cabbage, carrots, apple, green onions, dressed with apple cider vinegar, olive oil, Dijon mustard, honey, celery seeds, salt, pepper (exact measurements). Nutrition per serving (~120 cal, 4g fiber, very low fat vs traditional coleslaw ~300 cal). Why this version is better: no heavy mayo, more fiber from apple addition, lighter and crunchier. Add an Asian variation (rice vinegar, sesame oil, ginger). Make-ahead: gets better after 2 hours, keeps 4 days.",1000,one main recipe; nutrition comparison to traditional coleslaw; no-mayo advantage; Asian variation; make-ahead
82,Fiber and Hydration Tracking Journal,Track your way to health. Printable Fiber and Water tracker layout for your Bullet Journal. #BuJo #HealthTracker #HabitTracker,#BulletJournal #HabitTracking #WellnessJourney #FiberIntake #Hydration,Fiber and Hydration Tracking Journal - appetizing food presentation for natural nutrition,Gut Health Tips and Nutrition Charts,,,nutrition,fiber-and-hydration-tracking-journal,1,fiber-and-hydration-tracking-journal_v1.jpg,https://www.daily-life-hacks.com/fiber-and-hydration-tracking-journal?utm_content=v1,draft,"Write a practical nutrition article about tracking daily fiber and water intake. Why tracking matters: most people vastly overestimate their fiber intake (average American eats 15g, needs 25-30g). Simple tracking methods: (1) pen-and-paper food journal, (2) free apps (MyFitnessPal, Cronometer), (3) weekly planning approach. Include a sample daily tracking log layout. The fiber-water connection: pair tracking together (aim for 8 cups water per 25g fiber). 7-day starter challenge: track fiber for one week, see where you actually stand. Encouraging, not obsessive tone.",1000,why tracking matters (overestimation stat); 3 tracking methods; sample log layout; fiber-water pairing; 7-day challenge; encouraging tone
