"image_url","pin_title","description","destination_url","board","alt_text"
"https://www.daily-life-hacks.com/images/pins/easy-high-fiber-breakfast-ideas-for-gut-health_v1.jpg","Easy High Fiber Breakfast Ideas for Gut Health","Kickstart your morning with these simple, gut-loving high-fiber breakfasts. Chia pudding, overnight oats and veggie smoothies to keep you full and support microbiome health all day! Perfect for busy lifestyles. #HighFiberBreakfast #GutFriendly #HealthyStart #HighFiberBreakfast #GutHealth #EasyRecipes #HealthyBreakfastIdeas #FiberRich","https://www.daily-life-hacks.com/easy-high-fiber-breakfast-ideas-for-gut-health","Healthy Breakfast, Smoothies and Snacks","Easy High Fiber Breakfast Ideas for Gut Health - beautiful breakfast bowls with fresh toppings with oats, chia seeds for a healthy morning"
"https://www.daily-life-hacks.com/images/pins/easy-high-fiber-breakfast-ideas-for-gut-health_v2.jpg","Easy High Fiber Breakfast Ideas for Gut Health Guide","Kickstart your morning with these simple, gut-loving high-fiber breakfasts. Chia pudding, overnight oats and veggie smoothies to keep you full and support microbiome health all day! Perfect for busy lifestyles. #HighFiberBreakfast #GutFriendly #HealthyStart #HighFiberBreakfast #GutHealth #EasyRecipes #HealthyBreakfastIdeas #FiberRich","https://www.daily-life-hacks.com/easy-high-fiber-breakfast-ideas-for-gut-health-guide","Healthy Breakfast, Smoothies and Snacks","Easy High Fiber Breakfast Ideas for Gut Health - beautiful breakfast bowls with fresh toppings with oats, chia seeds for a healthy morning"
"https://www.daily-life-hacks.com/images/pins/easy-high-fiber-breakfast-ideas-for-gut-health_v3.jpg","Easy High Fiber Breakfast Ideas for Gut Health Tips","Kickstart your morning with these simple, gut-loving high-fiber breakfasts. Chia pudding, overnight oats and veggie smoothies to keep you full and support microbiome health all day! Perfect for busy lifestyles. #HighFiberBreakfast #GutFriendly #HealthyStart #HighFiberBreakfast #GutHealth #EasyRecipes #HealthyBreakfastIdeas #FiberRich","https://www.daily-life-hacks.com/easy-high-fiber-breakfast-ideas-for-gut-health-tips","Healthy Breakfast, Smoothies and Snacks","Easy High Fiber Breakfast Ideas for Gut Health - beautiful breakfast bowls with fresh toppings with oats, chia seeds for a healthy morning"
"https://www.daily-life-hacks.com/images/pins/easy-high-fiber-breakfast-ideas-for-gut-health_v4.jpg","Best Easy High Fiber Breakfast Ideas for Gut Health","Kickstart your morning with these simple, gut-loving high-fiber breakfasts. Chia pudding, overnight oats and veggie smoothies to keep you full and support microbiome health all day! Perfect for busy lifestyles. #HighFiberBreakfast #GutFriendly #HealthyStart #HighFiberBreakfast #GutHealth #EasyRecipes #HealthyBreakfastIdeas #FiberRich","https://www.daily-life-hacks.com/best-easy-high-fiber-breakfast-ideas-for-gut-health","Healthy Breakfast, Smoothies and Snacks","Easy High Fiber Breakfast Ideas for Gut Health - beautiful breakfast bowls with fresh toppings with oats, chia seeds for a healthy morning"
"https://www.daily-life-hacks.com/images/pins/30-day-high-fiber-challenge-meal-plan_v1.jpg","30 Day High Fiber Challenge Meal Plan","Transform your digestion naturally in 30 days! Full meal plan with high-fiber recipes, shopping lists, daily tips and progress tracker for better gut health and regularity. Gut glow guaranteed! #HighFiberChallenge #30DayPlan #GutHealthJourney #HighFiberChallenge #GutHealthPlan #30DayFiber #NaturalDigestion #HealthyHabits2026","https://www.daily-life-hacks.com/30-day-high-fiber-challenge-meal-plan","Gut Health Tips and Nutrition Charts","30 Day High Fiber Challenge Meal Plan 2026 - organized infographic chart for digestive wellness"
"https://www.daily-life-hacks.com/images/pins/30-day-high-fiber-challenge-meal-plan_v2.jpg","30 Day High Fiber Challenge Meal Plan Tips","Transform your digestion naturally in 30 days! Full meal plan with high-fiber recipes, shopping lists, daily tips and progress tracker for better gut health and regularity. Gut glow guaranteed! #HighFiberChallenge #30DayPlan #GutHealthJourney #HighFiberChallenge #GutHealthPlan #30DayFiber #NaturalDigestion #HealthyHabits2026","https://www.daily-life-hacks.com/30-day-high-fiber-challenge-meal-plan-tips","Gut Health Tips and Nutrition Charts","30 Day High Fiber Challenge Meal Plan 2026 - organized infographic chart for digestive wellness"
"https://www.daily-life-hacks.com/images/pins/30-day-high-fiber-challenge-meal-plan_v3.jpg","Best 30 Day High Fiber Challenge Meal Plan","Transform your digestion naturally in 30 days! Full meal plan with high-fiber recipes, shopping lists, daily tips and progress tracker for better gut health and regularity. Gut glow guaranteed! #HighFiberChallenge #30DayPlan #GutHealthJourney #HighFiberChallenge #GutHealthPlan #30DayFiber #NaturalDigestion #HealthyHabits2026","https://www.daily-life-hacks.com/best-30-day-high-fiber-challenge-meal-plan","Gut Health Tips and Nutrition Charts","30 Day High Fiber Challenge Meal Plan 2026 - organized infographic chart for digestive wellness"
"https://www.daily-life-hacks.com/images/pins/30-day-high-fiber-challenge-meal-plan_v4.jpg","30 Day High Fiber Challenge Meal Plan Guide","Transform your digestion naturally in 30 days! Full meal plan with high-fiber recipes, shopping lists, daily tips and progress tracker for better gut health and regularity. Gut glow guaranteed! #HighFiberChallenge #30DayPlan #GutHealthJourney #HighFiberChallenge #GutHealthPlan #30DayFiber #NaturalDigestion #HealthyHabits2026","https://www.daily-life-hacks.com/30-day-high-fiber-challenge-meal-plan-guide","Gut Health Tips and Nutrition Charts","30 Day High Fiber Challenge Meal Plan 2026 - organized infographic chart for digestive wellness"
"https://www.daily-life-hacks.com/images/pins/high-protein-high-fiber-meals-for-weight-loss_v1.jpg","What Is a High Protein High Fiber Diet","Stay satisfied and lose weight naturally! Delicious high-protein + high-fiber meals with lean chicken, lentils, veggies and whole grains. Sustainable and gut-friendly for long-term results. #HighProteinHighFiber #WeightLossMeals #HighProtein #HighFiber #WeightLossRecipes #HealthyMeals #GutFriendly","https://www.daily-life-hacks.com/what-is-a-high-protein-high-fiber-diet","High Fiber Dinner and Gut Health Recipes","High Protein High Fiber Meals for Weight Loss 2026 - professionally plated meal with lentils, fresh vegetables, whole grains for natural nutrition"
"https://www.daily-life-hacks.com/images/pins/high-protein-high-fiber-meals-for-weight-loss_v2.jpg","High Protein and Fiber Meals for Weight Loss Vegetarian","Stay satisfied and lose weight naturally! Delicious high-protein + high-fiber meals with lean chicken, lentils, veggies and whole grains. Sustainable and gut-friendly for long-term results. #HighProteinHighFiber #WeightLossMeals #HighProtein #HighFiber #WeightLossRecipes #HealthyMeals #GutFriendly","https://www.daily-life-hacks.com/high-protein-and-fiber-meals-for-weight-loss-vegetarian","High Fiber Dinner and Gut Health Recipes","High Protein High Fiber Meals for Weight Loss 2026 - professionally plated meal with lentils, fresh vegetables, whole grains for natural nutrition"
"https://www.daily-life-hacks.com/images/pins/high-protein-high-fiber-meals-for-weight-loss_v3.jpg","High Protein and Fiber Meals for Weight Loss Pdf","Stay satisfied and lose weight naturally! Delicious high-protein + high-fiber meals with lean chicken, lentils, veggies and whole grains. Sustainable and gut-friendly for long-term results. #HighProteinHighFiber #WeightLossMeals #HighProtein #HighFiber #WeightLossRecipes #HealthyMeals #GutFriendly","https://www.daily-life-hacks.com/high-protein-and-fiber-meals-for-weight-loss-pdf","High Fiber Dinner and Gut Health Recipes","High Protein High Fiber Meals for Weight Loss 2026 - professionally plated meal with lentils, fresh vegetables, whole grains for natural nutrition"
"https://www.daily-life-hacks.com/images/pins/high-protein-high-fiber-meals-for-weight-loss_v4.jpg","Easy High Protein High Fiber Meals","Stay satisfied and lose weight naturally! Delicious high-protein + high-fiber meals with lean chicken, lentils, veggies and whole grains. Sustainable and gut-friendly for long-term results. #HighProteinHighFiber #WeightLossMeals #HighProtein #HighFiber #WeightLossRecipes #HealthyMeals #GutFriendly","https://www.daily-life-hacks.com/easy-high-protein-high-fiber-meals","High Fiber Dinner and Gut Health Recipes","High Protein High Fiber Meals for Weight Loss 2026 - professionally plated meal with lentils, fresh vegetables, whole grains for natural nutrition"
"https://www.daily-life-hacks.com/images/pins/high-fiber-cauliflower-rice-recipes_v1.jpg","High Fiber Cauliflower Rice Recipes Guide","Low carb, high fiber! 5 delicious cauliflower rice recipes that taste like the real thing. Fried rice, burrito bowls and more. #CauliflowerRice #KetoRecipes #HighFiber #CauliflowerRice #LowCarb #HighFiber #KetoDinner #VeggieLoaded","https://www.daily-life-hacks.com/high-fiber-cauliflower-rice-recipes-guide","High Fiber Dinner and Gut Health Recipes","High Fiber Cauliflower Rice Recipes - dynamic cooking action shot for natural nutrition"
"https://www.daily-life-hacks.com/images/pins/high-fiber-cauliflower-rice-recipes_v2.jpg","High Fiber Cauliflower Rice Recipes Tips","Low carb, high fiber! 5 delicious cauliflower rice recipes that taste like the real thing. Fried rice, burrito bowls and more. #CauliflowerRice #KetoRecipes #HighFiber #CauliflowerRice #LowCarb #HighFiber #KetoDinner #VeggieLoaded","https://www.daily-life-hacks.com/high-fiber-cauliflower-rice-recipes-tips","High Fiber Dinner and Gut Health Recipes","High Fiber Cauliflower Rice Recipes - dynamic cooking action shot for natural nutrition"
"https://www.daily-life-hacks.com/images/pins/high-fiber-cauliflower-rice-recipes_v3.jpg","Best High Fiber Cauliflower Rice Recipes","Low carb, high fiber! 5 delicious cauliflower rice recipes that taste like the real thing. Fried rice, burrito bowls and more. #CauliflowerRice #KetoRecipes #HighFiber #CauliflowerRice #LowCarb #HighFiber #KetoDinner #VeggieLoaded","https://www.daily-life-hacks.com/best-high-fiber-cauliflower-rice-recipes","High Fiber Dinner and Gut Health Recipes","High Fiber Cauliflower Rice Recipes - dynamic cooking action shot for natural nutrition"
"https://www.daily-life-hacks.com/images/pins/high-fiber-cauliflower-rice-recipes_v4.jpg","High Fiber Cauliflower Rice Recipes","Low carb, high fiber! 5 delicious cauliflower rice recipes that taste like the real thing. Fried rice, burrito bowls and more. #CauliflowerRice #KetoRecipes #HighFiber #CauliflowerRice #LowCarb #HighFiber #KetoDinner #VeggieLoaded","https://www.daily-life-hacks.com/high-fiber-cauliflower-rice-recipes","High Fiber Dinner and Gut Health Recipes","High Fiber Cauliflower Rice Recipes - dynamic cooking action shot for natural nutrition"
"https://www.daily-life-hacks.com/images/pins/oatmeal-vs-grits-fiber-content_v1.jpg","Oatmeal Vs Grits Fiber Content","Breakfast battle! Oatmeal vs. Grits - which is better for weight loss and gut health? The answer might surprise you. #OatmealVsGrits #FiberComparison #HealthyBreakfast #BreakfastDebate #HighFiber #NutritionTips #HealthyChoices #WeightLossFood","https://www.daily-life-hacks.com/oatmeal-vs-grits-fiber-content","Healthy Breakfast, Smoothies and Snacks","Oatmeal vs Grits Fiber Content - appetizing bowl with colorful ingredients for healthy weight management"
"https://www.daily-life-hacks.com/images/pins/oatmeal-vs-grits-fiber-content_v2.jpg","Oatmeal Vs Grits Fiber Content Guide","Breakfast battle! Oatmeal vs. Grits - which is better for weight loss and gut health? The answer might surprise you. #OatmealVsGrits #FiberComparison #HealthyBreakfast #BreakfastDebate #HighFiber #NutritionTips #HealthyChoices #WeightLossFood","https://www.daily-life-hacks.com/oatmeal-vs-grits-fiber-content-guide","Healthy Breakfast, Smoothies and Snacks","Oatmeal vs Grits Fiber Content - appetizing bowl with colorful ingredients for healthy weight management"
"https://www.daily-life-hacks.com/images/pins/oatmeal-vs-grits-fiber-content_v3.jpg","Best Oatmeal Vs Grits Fiber Content","Breakfast battle! Oatmeal vs. Grits - which is better for weight loss and gut health? The answer might surprise you. #OatmealVsGrits #FiberComparison #HealthyBreakfast #BreakfastDebate #HighFiber #NutritionTips #HealthyChoices #WeightLossFood","https://www.daily-life-hacks.com/best-oatmeal-vs-grits-fiber-content","Healthy Breakfast, Smoothies and Snacks","Oatmeal vs Grits Fiber Content - appetizing bowl with colorful ingredients for healthy weight management"
"https://www.daily-life-hacks.com/images/pins/oatmeal-vs-grits-fiber-content_v4.jpg","Oatmeal Vs Grits Fiber Content Tips","Breakfast battle! Oatmeal vs. Grits - which is better for weight loss and gut health? The answer might surprise you. #OatmealVsGrits #FiberComparison #HealthyBreakfast #BreakfastDebate #HighFiber #NutritionTips #HealthyChoices #WeightLossFood","https://www.daily-life-hacks.com/oatmeal-vs-grits-fiber-content-tips","Healthy Breakfast, Smoothies and Snacks","Oatmeal vs Grits Fiber Content - appetizing bowl with colorful ingredients for healthy weight management"
"https://www.daily-life-hacks.com/images/pins/high-fiber-popcorn-toppings-healthy_v1.jpg","High Fiber Popcorn Toppings Healthy","Popcorn is a whole grain! Healthy high-fiber popcorn toppings: Nutritional yeast, chili lime and cinnamon. Ditch the butter. #HealthyPopcorn #SnackHacks #HighFiber #Popcorn #HealthySnacks #HighFiber #MovieNightSnack #WholeGrain","https://www.daily-life-hacks.com/high-fiber-popcorn-toppings-healthy","Gut Health Tips and Nutrition Charts","High Fiber Popcorn Toppings Healthy - appetizing bowl with colorful ingredients for healthy snacking"
"https://www.daily-life-hacks.com/images/pins/high-fiber-popcorn-toppings-healthy_v2.jpg","Best High Fiber Popcorn Toppings Healthy","Popcorn is a whole grain! Healthy high-fiber popcorn toppings: Nutritional yeast, chili lime and cinnamon. Ditch the butter. #HealthyPopcorn #SnackHacks #HighFiber #Popcorn #HealthySnacks #HighFiber #MovieNightSnack #WholeGrain","https://www.daily-life-hacks.com/best-high-fiber-popcorn-toppings-healthy","Gut Health Tips and Nutrition Charts","High Fiber Popcorn Toppings Healthy - appetizing bowl with colorful ingredients for healthy snacking"
"https://www.daily-life-hacks.com/images/pins/high-fiber-popcorn-toppings-healthy_v3.jpg","High Fiber Popcorn Toppings Healthy Tips","Popcorn is a whole grain! Healthy high-fiber popcorn toppings: Nutritional yeast, chili lime and cinnamon. Ditch the butter. #HealthyPopcorn #SnackHacks #HighFiber #Popcorn #HealthySnacks #HighFiber #MovieNightSnack #WholeGrain","https://www.daily-life-hacks.com/high-fiber-popcorn-toppings-healthy-tips","Gut Health Tips and Nutrition Charts","High Fiber Popcorn Toppings Healthy - appetizing bowl with colorful ingredients for healthy snacking"
"https://www.daily-life-hacks.com/images/pins/high-fiber-popcorn-toppings-healthy_v4.jpg","High Fiber Popcorn Toppings Healthy Guide","Popcorn is a whole grain! Healthy high-fiber popcorn toppings: Nutritional yeast, chili lime and cinnamon. Ditch the butter. #HealthyPopcorn #SnackHacks #HighFiber #Popcorn #HealthySnacks #HighFiber #MovieNightSnack #WholeGrain","https://www.daily-life-hacks.com/high-fiber-popcorn-toppings-healthy-guide","Gut Health Tips and Nutrition Charts","High Fiber Popcorn Toppings Healthy - appetizing bowl with colorful ingredients for healthy snacking"
"https://www.daily-life-hacks.com/images/pins/vegan-high-fiber-meal-prep-for-week_v1.jpg","Vegan High Fiber Meal Prep for Week Guide","Plant-based power! 5 Days of vegan high-fiber lunches. Tofu, quinoa, roasted veggies. Cheap and easy prep. #VeganMealPrep #HighFiberVegan #PlantBased #VeganPrep #MealPrepSunday #HighFiber #PlantPower #HealthyLunch","https://www.daily-life-hacks.com/vegan-high-fiber-meal-prep-for-week-guide","High Fiber Dinner and Gut Health Recipes","Vegan High Fiber Meal Prep for Week - fresh meal in glass containers with fresh vegetables, whole grains for natural nutrition"
"https://www.daily-life-hacks.com/images/pins/vegan-high-fiber-meal-prep-for-week_v2.jpg","Vegan High Fiber Meal Prep for Week Tips","Plant-based power! 5 Days of vegan high-fiber lunches. Tofu, quinoa, roasted veggies. Cheap and easy prep. #VeganMealPrep #HighFiberVegan #PlantBased #VeganPrep #MealPrepSunday #HighFiber #PlantPower #HealthyLunch","https://www.daily-life-hacks.com/vegan-high-fiber-meal-prep-for-week-tips","High Fiber Dinner and Gut Health Recipes","Vegan High Fiber Meal Prep for Week - fresh meal in glass containers with fresh vegetables, whole grains for natural nutrition"
"https://www.daily-life-hacks.com/images/pins/vegan-high-fiber-meal-prep-for-week_v3.jpg","Best Vegan High Fiber Meal Prep for Week","Plant-based power! 5 Days of vegan high-fiber lunches. Tofu, quinoa, roasted veggies. Cheap and easy prep. #VeganMealPrep #HighFiberVegan #PlantBased #VeganPrep #MealPrepSunday #HighFiber #PlantPower #HealthyLunch","https://www.daily-life-hacks.com/best-vegan-high-fiber-meal-prep-for-week","High Fiber Dinner and Gut Health Recipes","Vegan High Fiber Meal Prep for Week - fresh meal in glass containers with fresh vegetables, whole grains for natural nutrition"
"https://www.daily-life-hacks.com/images/pins/vegan-high-fiber-meal-prep-for-week_v4.jpg","Vegan High Fiber Meal Prep for Week","Plant-based power! 5 Days of vegan high-fiber lunches. Tofu, quinoa, roasted veggies. Cheap and easy prep. #VeganMealPrep #HighFiberVegan #PlantBased #VeganPrep #MealPrepSunday #HighFiber #PlantPower #HealthyLunch","https://www.daily-life-hacks.com/vegan-high-fiber-meal-prep-for-week","High Fiber Dinner and Gut Health Recipes","Vegan High Fiber Meal Prep for Week - fresh meal in glass containers with fresh vegetables, whole grains for natural nutrition"
"https://www.daily-life-hacks.com/images/pins/fiber-rich-soup-for-weight-loss-cabbage_v1.jpg","Fiber Rich Soup for Weight Loss Cabbage","The famous Cabbage Soup Diet recipe revamped! High fiber, fat burning soup that actually tastes good. #CabbageSoup #WeightLossSoup #HighFiber #FatBurningSoup #CabbageSoup #HighFiber #WeightLoss #DetoxSoup","https://www.daily-life-hacks.com/fiber-rich-soup-for-weight-loss-cabbage","High Fiber Dinner and Gut Health Recipes","Fiber Rich Soup for Weight Loss Cabbage - hearty soup in rustic pot with cabbage for natural nutrition"
"https://www.daily-life-hacks.com/images/pins/fiber-rich-soup-for-weight-loss-cabbage_v2.jpg","Fiber Rich Soup for Weight Loss Cabbage Guide","The famous Cabbage Soup Diet recipe revamped! High fiber, fat burning soup that actually tastes good. #CabbageSoup #WeightLossSoup #HighFiber #FatBurningSoup #CabbageSoup #HighFiber #WeightLoss #DetoxSoup","https://www.daily-life-hacks.com/fiber-rich-soup-for-weight-loss-cabbage-guide","High Fiber Dinner and Gut Health Recipes","Fiber Rich Soup for Weight Loss Cabbage - hearty soup in rustic pot with cabbage for natural nutrition"
"https://www.daily-life-hacks.com/images/pins/fiber-rich-soup-for-weight-loss-cabbage_v3.jpg","Fiber Rich Soup for Weight Loss Cabbage Tips","The famous Cabbage Soup Diet recipe revamped! High fiber, fat burning soup that actually tastes good. #CabbageSoup #WeightLossSoup #HighFiber #FatBurningSoup #CabbageSoup #HighFiber #WeightLoss #DetoxSoup","https://www.daily-life-hacks.com/fiber-rich-soup-for-weight-loss-cabbage-tips","High Fiber Dinner and Gut Health Recipes","Fiber Rich Soup for Weight Loss Cabbage - hearty soup in rustic pot with cabbage for natural nutrition"
"https://www.daily-life-hacks.com/images/pins/fiber-rich-soup-for-weight-loss-cabbage_v4.jpg","Best Fiber Rich Soup for Weight Loss Cabbage","The famous Cabbage Soup Diet recipe revamped! High fiber, fat burning soup that actually tastes good. #CabbageSoup #WeightLossSoup #HighFiber #FatBurningSoup #CabbageSoup #HighFiber #WeightLoss #DetoxSoup","https://www.daily-life-hacks.com/best-fiber-rich-soup-for-weight-loss-cabbage","High Fiber Dinner and Gut Health Recipes","Fiber Rich Soup for Weight Loss Cabbage - hearty soup in rustic pot with cabbage for natural nutrition"
"https://www.daily-life-hacks.com/images/pins/chia-pudding-variations-for-breakfast_v1.jpg","Is Chia Seed Pudding Enough for Breakfast","Never get bored! 4 Chia Pudding flavors: Chocolate, Berry, Mango and Vanilla. High fiber meal prep breakfast. #ChiaPudding #BreakfastIdeas #HighFiber #ChiaSeeds #HealthyBreakfast #MealPrep #HighFiber #GutHealth","https://www.daily-life-hacks.com/is-chia-seed-pudding-enough-for-breakfast","Healthy Breakfast, Smoothies and Snacks","Chia Pudding Variations for Breakfast - overhead view of prepared meal with chia seeds for a healthy morning"
"https://www.daily-life-hacks.com/images/pins/chia-pudding-variations-for-breakfast_v2.jpg","Can You Eat Chia Seed Pudding for Breakfast","Never get bored! 4 Chia Pudding flavors: Chocolate, Berry, Mango and Vanilla. High fiber meal prep breakfast. #ChiaPudding #BreakfastIdeas #HighFiber #ChiaSeeds #HealthyBreakfast #MealPrep #HighFiber #GutHealth","https://www.daily-life-hacks.com/can-you-eat-chia-seed-pudding-for-breakfast","Healthy Breakfast, Smoothies and Snacks","Chia Pudding Variations for Breakfast - overhead view of prepared meal with chia seeds for a healthy morning"
"https://www.daily-life-hacks.com/images/pins/chia-pudding-variations-for-breakfast_v3.jpg","How Much Chia Pudding for Breakfast","Never get bored! 4 Chia Pudding flavors: Chocolate, Berry, Mango and Vanilla. High fiber meal prep breakfast. #ChiaPudding #BreakfastIdeas #HighFiber #ChiaSeeds #HealthyBreakfast #MealPrep #HighFiber #GutHealth","https://www.daily-life-hacks.com/how-much-chia-pudding-for-breakfast","Healthy Breakfast, Smoothies and Snacks","Chia Pudding Variations for Breakfast - overhead view of prepared meal with chia seeds for a healthy morning"
"https://www.daily-life-hacks.com/images/pins/chia-pudding-variations-for-breakfast_v4.jpg","Chia Pudding Recipes for Breakfast","Never get bored! 4 Chia Pudding flavors: Chocolate, Berry, Mango and Vanilla. High fiber meal prep breakfast. #ChiaPudding #BreakfastIdeas #HighFiber #ChiaSeeds #HealthyBreakfast #MealPrep #HighFiber #GutHealth","https://www.daily-life-hacks.com/chia-pudding-recipes-for-breakfast","Healthy Breakfast, Smoothies and Snacks","Chia Pudding Variations for Breakfast - overhead view of prepared meal with chia seeds for a healthy morning"
"https://www.daily-life-hacks.com/images/pins/high-fiber-fast-food-options-guide_v1.jpg","High Fiber Fast Food Options Guide","Stuck at a drive-thru? The survival guide to high-fiber fast food options at Subway, Chipotle and Starbucks. #FastFoodHacks #HealthyOnTheGo #HighFiber #HealthyFastFood #FiberOnTheGo #DietHacks #WeightLossTips #EatingOut","https://www.daily-life-hacks.com/high-fiber-fast-food-options-guide","Gut Health Tips and Nutrition Charts","High Fiber Fast Food Options Guide - appetizing bowl with colorful ingredients for natural nutrition"
"https://www.daily-life-hacks.com/images/pins/high-fiber-fast-food-options-guide_v2.jpg","High Fiber Fast Food Options Guide Tips","Stuck at a drive-thru? The survival guide to high-fiber fast food options at Subway, Chipotle and Starbucks. #FastFoodHacks #HealthyOnTheGo #HighFiber #HealthyFastFood #FiberOnTheGo #DietHacks #WeightLossTips #EatingOut","https://www.daily-life-hacks.com/high-fiber-fast-food-options-guide-tips","Gut Health Tips and Nutrition Charts","High Fiber Fast Food Options Guide - appetizing bowl with colorful ingredients for natural nutrition"
"https://www.daily-life-hacks.com/images/pins/high-fiber-fast-food-options-guide_v3.jpg","Best High Fiber Fast Food Options Guide","Stuck at a drive-thru? The survival guide to high-fiber fast food options at Subway, Chipotle and Starbucks. #FastFoodHacks #HealthyOnTheGo #HighFiber #HealthyFastFood #FiberOnTheGo #DietHacks #WeightLossTips #EatingOut","https://www.daily-life-hacks.com/best-high-fiber-fast-food-options-guide","Gut Health Tips and Nutrition Charts","High Fiber Fast Food Options Guide - appetizing bowl with colorful ingredients for natural nutrition"
"https://www.daily-life-hacks.com/images/pins/high-fiber-fast-food-options-guide_v4.jpg","High Fiber Fast Food Options Guide Guide","Stuck at a drive-thru? The survival guide to high-fiber fast food options at Subway, Chipotle and Starbucks. #FastFoodHacks #HealthyOnTheGo #HighFiber #HealthyFastFood #FiberOnTheGo #DietHacks #WeightLossTips #EatingOut","https://www.daily-life-hacks.com/high-fiber-fast-food-options-guide-guide","Gut Health Tips and Nutrition Charts","High Fiber Fast Food Options Guide - appetizing bowl with colorful ingredients for natural nutrition"
"https://www.daily-life-hacks.com/images/pins/gut-health-tea-peppermint-ginger_v1.jpg","Gut Health Tea Peppermint Ginger","Soothe your stomach naturally. Peppermint and Ginger tea recipe for bloating and digestion. Drink this after meals! #HerbalTea #GutHealth #BloatingRemedy #HerbalTea #GutRelief #NaturalRemedy #Digestion #Bloating","https://www.daily-life-hacks.com/gut-health-tea-peppermint-ginger","Gut Health Tips and Nutrition Charts","Gut Health Tea Peppermint Ginger - fresh meal in glass containers for digestive comfort"
"https://www.daily-life-hacks.com/images/pins/gut-health-tea-peppermint-ginger_v2.jpg","Gut Health Tea Peppermint Ginger Guide","Soothe your stomach naturally. Peppermint and Ginger tea recipe for bloating and digestion. Drink this after meals! #HerbalTea #GutHealth #BloatingRemedy #HerbalTea #GutRelief #NaturalRemedy #Digestion #Bloating","https://www.daily-life-hacks.com/gut-health-tea-peppermint-ginger-guide","Gut Health Tips and Nutrition Charts","Gut Health Tea Peppermint Ginger - fresh meal in glass containers for digestive comfort"
"https://www.daily-life-hacks.com/images/pins/gut-health-tea-peppermint-ginger_v3.jpg","Gut Health Tea Peppermint Ginger Tips","Soothe your stomach naturally. Peppermint and Ginger tea recipe for bloating and digestion. Drink this after meals! #HerbalTea #GutHealth #BloatingRemedy #HerbalTea #GutRelief #NaturalRemedy #Digestion #Bloating","https://www.daily-life-hacks.com/gut-health-tea-peppermint-ginger-tips","Gut Health Tips and Nutrition Charts","Gut Health Tea Peppermint Ginger - fresh meal in glass containers for digestive comfort"
"https://www.daily-life-hacks.com/images/pins/gut-health-tea-peppermint-ginger_v4.jpg","Best Gut Health Tea Peppermint Ginger","Soothe your stomach naturally. Peppermint and Ginger tea recipe for bloating and digestion. Drink this after meals! #HerbalTea #GutHealth #BloatingRemedy #HerbalTea #GutRelief #NaturalRemedy #Digestion #Bloating","https://www.daily-life-hacks.com/best-gut-health-tea-peppermint-ginger","Gut Health Tips and Nutrition Charts","Gut Health Tea Peppermint Ginger - fresh meal in glass containers for digestive comfort"
"https://www.daily-life-hacks.com/images/pins/high-fiber-pizza-crust-cauliflower_v1.jpg","High Fiber Pizza Crust Cauliflower","Pizza night is back! Crispy cauliflower pizza crust recipe. High fiber, gluten-free and low calorie. #CauliflowerPizza #HealthyPizza #HighFiberDinner #HealthyPizza #CauliflowerCrust #HighFiber #GuiltFree #DinnerIdeas","https://www.daily-life-hacks.com/high-fiber-pizza-crust-cauliflower","High Fiber Dinner and Gut Health Recipes","High Fiber Pizza Crust Cauliflower - appetizing food presentation for natural nutrition"
"https://www.daily-life-hacks.com/images/pins/high-fiber-pizza-crust-cauliflower_v2.jpg","High Fiber Pizza Crust Cauliflower Guide","Pizza night is back! Crispy cauliflower pizza crust recipe. High fiber, gluten-free and low calorie. #CauliflowerPizza #HealthyPizza #HighFiberDinner #HealthyPizza #CauliflowerCrust #HighFiber #GuiltFree #DinnerIdeas","https://www.daily-life-hacks.com/high-fiber-pizza-crust-cauliflower-guide","High Fiber Dinner and Gut Health Recipes","High Fiber Pizza Crust Cauliflower - appetizing food presentation for natural nutrition"
"https://www.daily-life-hacks.com/images/pins/high-fiber-pizza-crust-cauliflower_v3.jpg","High Fiber Pizza Crust Cauliflower Tips","Pizza night is back! Crispy cauliflower pizza crust recipe. High fiber, gluten-free and low calorie. #CauliflowerPizza #HealthyPizza #HighFiberDinner #HealthyPizza #CauliflowerCrust #HighFiber #GuiltFree #DinnerIdeas","https://www.daily-life-hacks.com/high-fiber-pizza-crust-cauliflower-tips","High Fiber Dinner and Gut Health Recipes","High Fiber Pizza Crust Cauliflower - appetizing food presentation for natural nutrition"
"https://www.daily-life-hacks.com/images/pins/high-fiber-pizza-crust-cauliflower_v4.jpg","Best High Fiber Pizza Crust Cauliflower","Pizza night is back! Crispy cauliflower pizza crust recipe. High fiber, gluten-free and low calorie. #CauliflowerPizza #HealthyPizza #HighFiberDinner #HealthyPizza #CauliflowerCrust #HighFiber #GuiltFree #DinnerIdeas","https://www.daily-life-hacks.com/best-high-fiber-pizza-crust-cauliflower","High Fiber Dinner and Gut Health Recipes","High Fiber Pizza Crust Cauliflower - appetizing food presentation for natural nutrition"
"https://www.daily-life-hacks.com/images/pins/high-fiber-hummus-recipe-homemade_v1.jpg","High Fiber Hummus Recipe Homemade","Better than store bought! Creamy high-fiber hummus recipe with extra chickpeas and tahini. Perfect dip for veggies. #HummusRecipe #HealthyDip #HighFiberSnack #Hummus #HealthySnack #PlantBased #HighFiber #MediterraneanFood","https://www.daily-life-hacks.com/high-fiber-hummus-recipe-homemade","High Fiber Dinner and Gut Health Recipes","High Fiber Hummus Recipe Homemade - professionally plated meal with fresh vegetables, chickpeas for healthy snacking"
"https://www.daily-life-hacks.com/images/pins/high-fiber-hummus-recipe-homemade_v2.jpg","High Fiber Hummus Recipe Homemade Guide","Better than store bought! Creamy high-fiber hummus recipe with extra chickpeas and tahini. Perfect dip for veggies. #HummusRecipe #HealthyDip #HighFiberSnack #Hummus #HealthySnack #PlantBased #HighFiber #MediterraneanFood","https://www.daily-life-hacks.com/high-fiber-hummus-recipe-homemade-guide","High Fiber Dinner and Gut Health Recipes","High Fiber Hummus Recipe Homemade - professionally plated meal with fresh vegetables, chickpeas for healthy snacking"
"https://www.daily-life-hacks.com/images/pins/high-fiber-hummus-recipe-homemade_v3.jpg","High Fiber Hummus Recipe Homemade Tips","Better than store bought! Creamy high-fiber hummus recipe with extra chickpeas and tahini. Perfect dip for veggies. #HummusRecipe #HealthyDip #HighFiberSnack #Hummus #HealthySnack #PlantBased #HighFiber #MediterraneanFood","https://www.daily-life-hacks.com/high-fiber-hummus-recipe-homemade-tips","High Fiber Dinner and Gut Health Recipes","High Fiber Hummus Recipe Homemade - professionally plated meal with fresh vegetables, chickpeas for healthy snacking"
"https://www.daily-life-hacks.com/images/pins/high-fiber-hummus-recipe-homemade_v4.jpg","Best High Fiber Hummus Recipe Homemade","Better than store bought! Creamy high-fiber hummus recipe with extra chickpeas and tahini. Perfect dip for veggies. #HummusRecipe #HealthyDip #HighFiberSnack #Hummus #HealthySnack #PlantBased #HighFiber #MediterraneanFood","https://www.daily-life-hacks.com/best-high-fiber-hummus-recipe-homemade","High Fiber Dinner and Gut Health Recipes","High Fiber Hummus Recipe Homemade - professionally plated meal with fresh vegetables, chickpeas for healthy snacking"
"https://www.daily-life-hacks.com/images/pins/high-fiber-yogurt-parfait-for-breakfast_v1.jpg","High Fiber Yogurt Parfait for Breakfast","Layer your way to health! Greek yogurt, high-fiber granola and mixed berries parfait. 15g of fiber to start your day. #YogurtParfait #HealthyBreakfast #GutHealth #ParfaitRecipe #HighFiber #BreakfastGoals #GutFriendly #HealthyStart","https://www.daily-life-hacks.com/high-fiber-yogurt-parfait-for-breakfast","Healthy Breakfast, Smoothies and Snacks","High Fiber Yogurt Parfait for Breakfast - fresh meal in glass containers with berries, yogurt for a healthy morning"
"https://www.daily-life-hacks.com/images/pins/high-fiber-yogurt-parfait-for-breakfast_v2.jpg","High Fiber Yogurt Parfait for Breakfast Guide","Layer your way to health! Greek yogurt, high-fiber granola and mixed berries parfait. 15g of fiber to start your day. #YogurtParfait #HealthyBreakfast #GutHealth #ParfaitRecipe #HighFiber #BreakfastGoals #GutFriendly #HealthyStart","https://www.daily-life-hacks.com/high-fiber-yogurt-parfait-for-breakfast-guide","Healthy Breakfast, Smoothies and Snacks","High Fiber Yogurt Parfait for Breakfast - fresh meal in glass containers with berries, yogurt for a healthy morning"
"https://www.daily-life-hacks.com/images/pins/high-fiber-yogurt-parfait-for-breakfast_v3.jpg","High Fiber Yogurt Parfait for Breakfast Tips","Layer your way to health! Greek yogurt, high-fiber granola and mixed berries parfait. 15g of fiber to start your day. #YogurtParfait #HealthyBreakfast #GutHealth #ParfaitRecipe #HighFiber #BreakfastGoals #GutFriendly #HealthyStart","https://www.daily-life-hacks.com/high-fiber-yogurt-parfait-for-breakfast-tips","Healthy Breakfast, Smoothies and Snacks","High Fiber Yogurt Parfait for Breakfast - fresh meal in glass containers with berries, yogurt for a healthy morning"
"https://www.daily-life-hacks.com/images/pins/high-fiber-yogurt-parfait-for-breakfast_v4.jpg","Best High Fiber Yogurt Parfait for Breakfast","Layer your way to health! Greek yogurt, high-fiber granola and mixed berries parfait. 15g of fiber to start your day. #YogurtParfait #HealthyBreakfast #GutHealth #ParfaitRecipe #HighFiber #BreakfastGoals #GutFriendly #HealthyStart","https://www.daily-life-hacks.com/best-high-fiber-yogurt-parfait-for-breakfast","Healthy Breakfast, Smoothies and Snacks","High Fiber Yogurt Parfait for Breakfast - fresh meal in glass containers with berries, yogurt for a healthy morning"
"https://www.daily-life-hacks.com/images/pins/black-bean-brownies-hidden-fiber-dessert_v1.jpg","Black Bean Brownies Hidden Fiber Dessert","You won't believe they are healthy! Fudgy black bean brownies packed with fiber and protein. Gluten-free and guilt-free treat. #BlackBeanBrownies #HealthyDessert #HighFiberSweets #HealthyBrownies #GuiltFreeDessert #HiddenVeggie #HighFiber #GlutenFreeBaking","https://www.daily-life-hacks.com/black-bean-brownies-hidden-fiber-dessert","Gut Health Tips and Nutrition Charts","Black Bean Brownies Hidden Fiber Dessert - appetizing food presentation for natural nutrition"
"https://www.daily-life-hacks.com/images/pins/black-bean-brownies-hidden-fiber-dessert_v2.jpg","Black Bean Brownies Hidden Fiber Dessert Guide","You won't believe they are healthy! Fudgy black bean brownies packed with fiber and protein. Gluten-free and guilt-free treat. #BlackBeanBrownies #HealthyDessert #HighFiberSweets #HealthyBrownies #GuiltFreeDessert #HiddenVeggie #HighFiber #GlutenFreeBaking","https://www.daily-life-hacks.com/black-bean-brownies-hidden-fiber-dessert-guide","Gut Health Tips and Nutrition Charts","Black Bean Brownies Hidden Fiber Dessert - appetizing food presentation for natural nutrition"
"https://www.daily-life-hacks.com/images/pins/black-bean-brownies-hidden-fiber-dessert_v3.jpg","Black Bean Brownies Hidden Fiber Dessert Tips","You won't believe they are healthy! Fudgy black bean brownies packed with fiber and protein. Gluten-free and guilt-free treat. #BlackBeanBrownies #HealthyDessert #HighFiberSweets #HealthyBrownies #GuiltFreeDessert #HiddenVeggie #HighFiber #GlutenFreeBaking","https://www.daily-life-hacks.com/black-bean-brownies-hidden-fiber-dessert-tips","Gut Health Tips and Nutrition Charts","Black Bean Brownies Hidden Fiber Dessert - appetizing food presentation for natural nutrition"
"https://www.daily-life-hacks.com/images/pins/black-bean-brownies-hidden-fiber-dessert_v4.jpg","Best Black Bean Brownies Hidden Fiber Dessert","You won't believe they are healthy! Fudgy black bean brownies packed with fiber and protein. Gluten-free and guilt-free treat. #BlackBeanBrownies #HealthyDessert #HighFiberSweets #HealthyBrownies #GuiltFreeDessert #HiddenVeggie #HighFiber #GlutenFreeBaking","https://www.daily-life-hacks.com/best-black-bean-brownies-hidden-fiber-dessert","Gut Health Tips and Nutrition Charts","Black Bean Brownies Hidden Fiber Dessert - appetizing food presentation for natural nutrition"
"https://www.daily-life-hacks.com/images/pins/artichoke-recipes-for-gut-health_v1.jpg","Is Artichoke Good for Your Stomach","The underrated superfood! Steamed artichoke with lemon garlic dip. One of the highest fiber vegetables you can eat. #ArtichokeRecipes #GutHealth #HighFiberVeggies #Artichoke #Superfood #FiberRich #GutHealth #VegetarianDinner","https://www.daily-life-hacks.com/is-artichoke-good-for-your-stomach","High Fiber Dinner and Gut Health Recipes","Artichoke Recipes for Gut Health - appetizing bowl with colorful ingredients with fresh vegetables for natural nutrition"
"https://www.daily-life-hacks.com/images/pins/artichoke-recipes-for-gut-health_v2.jpg","Are Artichokes Good for Digestion","The underrated superfood! Steamed artichoke with lemon garlic dip. One of the highest fiber vegetables you can eat. #ArtichokeRecipes #GutHealth #HighFiberVeggies #Artichoke #Superfood #FiberRich #GutHealth #VegetarianDinner","https://www.daily-life-hacks.com/are-artichokes-good-for-digestion","High Fiber Dinner and Gut Health Recipes","Artichoke Recipes for Gut Health - appetizing bowl with colorful ingredients with fresh vegetables for natural nutrition"
"https://www.daily-life-hacks.com/images/pins/artichoke-recipes-for-gut-health_v3.jpg","Artichoke Recipes for Gut Health","The underrated superfood! Steamed artichoke with lemon garlic dip. One of the highest fiber vegetables you can eat. #ArtichokeRecipes #GutHealth #HighFiberVeggies #Artichoke #Superfood #FiberRich #GutHealth #VegetarianDinner","https://www.daily-life-hacks.com/artichoke-recipes-for-gut-health-v3","High Fiber Dinner and Gut Health Recipes","Artichoke Recipes for Gut Health - appetizing bowl with colorful ingredients with fresh vegetables for natural nutrition"
"https://www.daily-life-hacks.com/images/pins/artichoke-recipes-for-gut-health_v4.jpg","Artichoke Recipes for Gut Health","The underrated superfood! Steamed artichoke with lemon garlic dip. One of the highest fiber vegetables you can eat. #ArtichokeRecipes #GutHealth #HighFiberVeggies #Artichoke #Superfood #FiberRich #GutHealth #VegetarianDinner","https://www.daily-life-hacks.com/artichoke-recipes-for-gut-health-v4","High Fiber Dinner and Gut Health Recipes","Artichoke Recipes for Gut Health - appetizing bowl with colorful ingredients with fresh vegetables for natural nutrition"
"https://www.daily-life-hacks.com/images/pins/high-fiber-smoothies-for-kids-picky-eaters_v1.jpg","High Fiber Smoothies for Kids Picky Eaters","Hide the veggies! 3 High fiber smoothie recipes kids will actually drink. Spinach, banana and strawberry blends.","https://www.daily-life-hacks.com/high-fiber-smoothies-for-kids-picky-eaters","Healthy Breakfast, Smoothies and Snacks","High Fiber Smoothies for Kids Picky Eaters - healthy nutrition tips"
"https://www.daily-life-hacks.com/images/pins/high-fiber-smoothies-for-kids-picky-eaters_v2.jpg","High Fiber Smoothies for Kids Picky Eaters Tips","Hide the veggies! 3 High fiber smoothie recipes kids will actually drink. Spinach, banana and strawberry blends.","https://www.daily-life-hacks.com/high-fiber-smoothies-for-kids-picky-eaters-tips","Healthy Breakfast, Smoothies and Snacks","High Fiber Smoothies for Kids Picky Eaters Tips - healthy nutrition tips"
"https://www.daily-life-hacks.com/images/pins/high-fiber-smoothies-for-kids-picky-eaters_v3.jpg","Best High Fiber Smoothies for Kids Picky Eaters","Hide the veggies! 3 High fiber smoothie recipes kids will actually drink. Spinach, banana and strawberry blends.","https://www.daily-life-hacks.com/best-high-fiber-smoothies-for-kids-picky-eaters","Healthy Breakfast, Smoothies and Snacks","Best High Fiber Smoothies for Kids Picky Eaters - healthy nutrition tips"
"https://www.daily-life-hacks.com/images/pins/high-fiber-smoothies-for-kids-picky-eaters_v4.jpg","High Fiber Smoothies for Kids Picky Eaters Guide","Hide the veggies! 3 High fiber smoothie recipes kids will actually drink. Spinach, banana and strawberry blends.","https://www.daily-life-hacks.com/high-fiber-smoothies-for-kids-picky-eaters-guide","Healthy Breakfast, Smoothies and Snacks","High Fiber Smoothies for Kids Picky Eaters Guide - healthy nutrition tips"
"https://www.daily-life-hacks.com/images/pins/popcorn-vs-potato-chips-fiber-comparison_v1.jpg","Popcorn Vs Potato Chips Fiber Comparison","Snack smart battle! Why popcorn wins over chips for weight loss and fiber content. See the calorie difference. #SnackSwap #HealthyChoices #FiberFacts #HealthySwaps #SnackSmart #HighFiber #WeightLossHacks #JunkFoodAlternative","https://www.daily-life-hacks.com/popcorn-vs-potato-chips-fiber-comparison","Gut Health Tips and Nutrition Charts","Popcorn vs Potato Chips Fiber Comparison - appetizing bowl with colorful ingredients for healthy weight management"
"https://www.daily-life-hacks.com/images/pins/popcorn-vs-potato-chips-fiber-comparison_v2.jpg","Popcorn Vs Potato Chips Fiber Comparison Guide","Snack smart battle! Why popcorn wins over chips for weight loss and fiber content. See the calorie difference. #SnackSwap #HealthyChoices #FiberFacts #HealthySwaps #SnackSmart #HighFiber #WeightLossHacks #JunkFoodAlternative","https://www.daily-life-hacks.com/popcorn-vs-potato-chips-fiber-comparison-guide","Gut Health Tips and Nutrition Charts","Popcorn vs Potato Chips Fiber Comparison - appetizing bowl with colorful ingredients for healthy weight management"
"https://www.daily-life-hacks.com/images/pins/popcorn-vs-potato-chips-fiber-comparison_v3.jpg","Popcorn Vs Potato Chips Fiber Comparison Tips","Snack smart battle! Why popcorn wins over chips for weight loss and fiber content. See the calorie difference. #SnackSwap #HealthyChoices #FiberFacts #HealthySwaps #SnackSmart #HighFiber #WeightLossHacks #JunkFoodAlternative","https://www.daily-life-hacks.com/popcorn-vs-potato-chips-fiber-comparison-tips","Gut Health Tips and Nutrition Charts","Popcorn vs Potato Chips Fiber Comparison - appetizing bowl with colorful ingredients for healthy weight management"
"https://www.daily-life-hacks.com/images/pins/popcorn-vs-potato-chips-fiber-comparison_v4.jpg","Best Popcorn Vs Potato Chips Fiber Comparison","Snack smart battle! Why popcorn wins over chips for weight loss and fiber content. See the calorie difference. #SnackSwap #HealthyChoices #FiberFacts #HealthySwaps #SnackSmart #HighFiber #WeightLossHacks #JunkFoodAlternative","https://www.daily-life-hacks.com/best-popcorn-vs-potato-chips-fiber-comparison","Gut Health Tips and Nutrition Charts","Popcorn vs Potato Chips Fiber Comparison - appetizing bowl with colorful ingredients for healthy weight management"
"https://www.daily-life-hacks.com/images/pins/split-pea-soup-recipe-high-fiber_v1.jpg","How Much Fiber in a Cup of Split Pea Soup","Old school comfort. Hearty Split Pea Soup recipe with 16g fiber per bowl! Cheap, easy and perfect for winter. #SplitPeaSoup #BudgetMeals #HighFiberDinner #SoupSeason #HighFiber #ComfortFood #BudgetCooking #HealthyDinner","https://www.daily-life-hacks.com/how-much-fiber-in-a-cup-of-split-pea-soup","High Fiber Dinner and Gut Health Recipes","Split Pea Soup Recipe High Fiber - appetizing bowl with colorful ingredients for natural nutrition"
"https://www.daily-life-hacks.com/images/pins/split-pea-soup-recipe-high-fiber_v2.jpg","How Much Fiber in a Bowl of Split Pea Soup","Old school comfort. Hearty Split Pea Soup recipe with 16g fiber per bowl! Cheap, easy and perfect for winter. #SplitPeaSoup #BudgetMeals #HighFiberDinner #SoupSeason #HighFiber #ComfortFood #BudgetCooking #HealthyDinner","https://www.daily-life-hacks.com/how-much-fiber-in-a-bowl-of-split-pea-soup","High Fiber Dinner and Gut Health Recipes","Split Pea Soup Recipe High Fiber - appetizing bowl with colorful ingredients for natural nutrition"
"https://www.daily-life-hacks.com/images/pins/split-pea-soup-recipe-high-fiber_v3.jpg","High Fiber Split Pea Soup Recipe","Old school comfort. Hearty Split Pea Soup recipe with 16g fiber per bowl! Cheap, easy and perfect for winter. #SplitPeaSoup #BudgetMeals #HighFiberDinner #SoupSeason #HighFiber #ComfortFood #BudgetCooking #HealthyDinner","https://www.daily-life-hacks.com/high-fiber-split-pea-soup-recipe","High Fiber Dinner and Gut Health Recipes","Split Pea Soup Recipe High Fiber - appetizing bowl with colorful ingredients for natural nutrition"
"https://www.daily-life-hacks.com/images/pins/split-pea-soup-recipe-high-fiber_v4.jpg","Is There a Lot of Fiber in Split Pea Soup","Old school comfort. Hearty Split Pea Soup recipe with 16g fiber per bowl! Cheap, easy and perfect for winter. #SplitPeaSoup #BudgetMeals #HighFiberDinner #SoupSeason #HighFiber #ComfortFood #BudgetCooking #HealthyDinner","https://www.daily-life-hacks.com/is-there-a-lot-of-fiber-in-split-pea-soup","High Fiber Dinner and Gut Health Recipes","Split Pea Soup Recipe High Fiber - appetizing bowl with colorful ingredients for natural nutrition"
"https://www.daily-life-hacks.com/images/pins/whole-wheat-vs-white-pasta-fiber_v1.jpg","Whole Wheat Vs White Pasta Nutrition","Stop eating empty carbs! The massive fiber difference between whole wheat and white pasta. Simple swap for weight loss. #WholeWheat #CarbSmart #HighFiber #HealthySwaps #WholeGrains #HighFiber #PastaLover #WeightLossTips","https://www.daily-life-hacks.com/whole-wheat-vs-white-pasta-nutrition","Gut Health Tips and Nutrition Charts","Whole Wheat vs White Pasta Fiber - detailed close-up shot for healthy weight management"
"https://www.daily-life-hacks.com/images/pins/whole-wheat-vs-white-pasta-fiber_v2.jpg","Whole Wheat Vs Regular Pasta Fiber","Stop eating empty carbs! The massive fiber difference between whole wheat and white pasta. Simple swap for weight loss. #WholeWheat #CarbSmart #HighFiber #HealthySwaps #WholeGrains #HighFiber #PastaLover #WeightLossTips","https://www.daily-life-hacks.com/whole-wheat-vs-regular-pasta-fiber","Gut Health Tips and Nutrition Charts","Whole Wheat vs White Pasta Fiber - detailed close-up shot for healthy weight management"
"https://www.daily-life-hacks.com/images/pins/whole-wheat-vs-white-pasta-fiber_v3.jpg","Whole Wheat Pasta Vs White Pasta Fiber","Stop eating empty carbs! The massive fiber difference between whole wheat and white pasta. Simple swap for weight loss. #WholeWheat #CarbSmart #HighFiber #HealthySwaps #WholeGrains #HighFiber #PastaLover #WeightLossTips","https://www.daily-life-hacks.com/whole-wheat-pasta-vs-white-pasta-fiber","Gut Health Tips and Nutrition Charts","Whole Wheat vs White Pasta Fiber - detailed close-up shot for healthy weight management"
"https://www.daily-life-hacks.com/images/pins/whole-wheat-vs-white-pasta-fiber_v4.jpg","Is Whole Wheat Pasta Better Than White","Stop eating empty carbs! The massive fiber difference between whole wheat and white pasta. Simple swap for weight loss. #WholeWheat #CarbSmart #HighFiber #HealthySwaps #WholeGrains #HighFiber #PastaLover #WeightLossTips","https://www.daily-life-hacks.com/is-whole-wheat-pasta-better-than-white","Gut Health Tips and Nutrition Charts","Whole Wheat vs White Pasta Fiber - detailed close-up shot for healthy weight management"
"https://www.daily-life-hacks.com/images/pins/water-and-fiber-the-golden-rule_v1.jpg","Water and Fiber the Golden Rule","Eating fiber but still constipated? You might be dehydrated! The 50/50 rule of Fiber + Water for perfect digestion. #Hydration #FiberTips #GutHealth #HydrationKey #FiberIntake #GutRelief #DigestionHacks #HealthTips","https://www.daily-life-hacks.com/water-and-fiber-the-golden-rule","Gut Health Tips and Nutrition Charts","Water and Fiber The Golden Rule - appetizing food presentation for natural nutrition"
"https://www.daily-life-hacks.com/images/pins/water-and-fiber-the-golden-rule_v2.jpg","Water and Fiber the Golden Rule Guide","Eating fiber but still constipated? You might be dehydrated! The 50/50 rule of Fiber + Water for perfect digestion. #Hydration #FiberTips #GutHealth #HydrationKey #FiberIntake #GutRelief #DigestionHacks #HealthTips","https://www.daily-life-hacks.com/water-and-fiber-the-golden-rule-guide","Gut Health Tips and Nutrition Charts","Water and Fiber The Golden Rule - appetizing food presentation for natural nutrition"
"https://www.daily-life-hacks.com/images/pins/water-and-fiber-the-golden-rule_v3.jpg","Water and Fiber the Golden Rule Tips","Eating fiber but still constipated? You might be dehydrated! The 50/50 rule of Fiber + Water for perfect digestion. #Hydration #FiberTips #GutHealth #HydrationKey #FiberIntake #GutRelief #DigestionHacks #HealthTips","https://www.daily-life-hacks.com/water-and-fiber-the-golden-rule-tips","Gut Health Tips and Nutrition Charts","Water and Fiber The Golden Rule - appetizing food presentation for natural nutrition"
"https://www.daily-life-hacks.com/images/pins/water-and-fiber-the-golden-rule_v4.jpg","Best Water and Fiber the Golden Rule","Eating fiber but still constipated? You might be dehydrated! The 50/50 rule of Fiber + Water for perfect digestion. #Hydration #FiberTips #GutHealth #HydrationKey #FiberIntake #GutRelief #DigestionHacks #HealthTips","https://www.daily-life-hacks.com/best-water-and-fiber-the-golden-rule","Gut Health Tips and Nutrition Charts","Water and Fiber The Golden Rule - appetizing food presentation for natural nutrition"
"https://www.daily-life-hacks.com/images/pins/high-fiber-salad-dressings-homemade_v1.jpg","High Fiber Salad Dressings Homemade","Don't ruin your salad with sugar! DIY Tahini and Lemon dressing recipes packed with fiber and healthy fats. #SaladDressing #HealthySauce #TahiniRecipe #HealthyDressing #Tahini #HighFiber #SaladInspo #CleanEating","https://www.daily-life-hacks.com/high-fiber-salad-dressings-homemade","High Fiber Dinner and Gut Health Recipes","High Fiber Salad Dressings Homemade - fresh meal in glass containers for natural nutrition"
"https://www.daily-life-hacks.com/images/pins/high-fiber-salad-dressings-homemade_v2.jpg","High Fiber Salad Dressings Homemade Guide","Don't ruin your salad with sugar! DIY Tahini and Lemon dressing recipes packed with fiber and healthy fats. #SaladDressing #HealthySauce #TahiniRecipe #HealthyDressing #Tahini #HighFiber #SaladInspo #CleanEating","https://www.daily-life-hacks.com/high-fiber-salad-dressings-homemade-guide","High Fiber Dinner and Gut Health Recipes","High Fiber Salad Dressings Homemade - fresh meal in glass containers for natural nutrition"
"https://www.daily-life-hacks.com/images/pins/high-fiber-salad-dressings-homemade_v3.jpg","High Fiber Salad Dressings Homemade Tips","Don't ruin your salad with sugar! DIY Tahini and Lemon dressing recipes packed with fiber and healthy fats. #SaladDressing #HealthySauce #TahiniRecipe #HealthyDressing #Tahini #HighFiber #SaladInspo #CleanEating","https://www.daily-life-hacks.com/high-fiber-salad-dressings-homemade-tips","High Fiber Dinner and Gut Health Recipes","High Fiber Salad Dressings Homemade - fresh meal in glass containers for natural nutrition"
"https://www.daily-life-hacks.com/images/pins/high-fiber-salad-dressings-homemade_v4.jpg","Best High Fiber Salad Dressings Homemade","Don't ruin your salad with sugar! DIY Tahini and Lemon dressing recipes packed with fiber and healthy fats. #SaladDressing #HealthySauce #TahiniRecipe #HealthyDressing #Tahini #HighFiber #SaladInspo #CleanEating","https://www.daily-life-hacks.com/best-high-fiber-salad-dressings-homemade","High Fiber Dinner and Gut Health Recipes","High Fiber Salad Dressings Homemade - fresh meal in glass containers for natural nutrition"
"https://www.daily-life-hacks.com/images/pins/tabbouleh-salad-high-fiber-bulgur_v1.jpg","Tabbouleh Salad High Fiber Bulgur Tips","Fresh parsley and bulgur wheat salad. Authentic Tabbouleh recipe for a high-fiber detox lunch. Light and zesty. #Tabbouleh #MediterraneanFood #HighFiberLunch #Tabbouleh #HealthyLunch #DetoxSalad #HighFiber #VeganRecipes","https://www.daily-life-hacks.com/tabbouleh-salad-high-fiber-bulgur-tips","High Fiber Dinner and Gut Health Recipes","Tabbouleh Salad High Fiber Bulgur - appetizing bowl with colorful ingredients for natural body cleanse"
"https://www.daily-life-hacks.com/images/pins/tabbouleh-salad-high-fiber-bulgur_v2.jpg","Best Tabbouleh Salad High Fiber Bulgur","Fresh parsley and bulgur wheat salad. Authentic Tabbouleh recipe for a high-fiber detox lunch. Light and zesty. #Tabbouleh #MediterraneanFood #HighFiberLunch #Tabbouleh #HealthyLunch #DetoxSalad #HighFiber #VeganRecipes","https://www.daily-life-hacks.com/best-tabbouleh-salad-high-fiber-bulgur","High Fiber Dinner and Gut Health Recipes","Tabbouleh Salad High Fiber Bulgur - appetizing bowl with colorful ingredients for natural body cleanse"
"https://www.daily-life-hacks.com/images/pins/tabbouleh-salad-high-fiber-bulgur_v3.jpg","Tabbouleh Salad High Fiber Bulgur Guide","Fresh parsley and bulgur wheat salad. Authentic Tabbouleh recipe for a high-fiber detox lunch. Light and zesty. #Tabbouleh #MediterraneanFood #HighFiberLunch #Tabbouleh #HealthyLunch #DetoxSalad #HighFiber #VeganRecipes","https://www.daily-life-hacks.com/tabbouleh-salad-high-fiber-bulgur-guide","High Fiber Dinner and Gut Health Recipes","Tabbouleh Salad High Fiber Bulgur - appetizing bowl with colorful ingredients for natural body cleanse"
"https://www.daily-life-hacks.com/images/pins/tabbouleh-salad-high-fiber-bulgur_v4.jpg","Tabbouleh Salad High Fiber Bulgur","Fresh parsley and bulgur wheat salad. Authentic Tabbouleh recipe for a high-fiber detox lunch. Light and zesty. #Tabbouleh #MediterraneanFood #HighFiberLunch #Tabbouleh #HealthyLunch #DetoxSalad #HighFiber #VeganRecipes","https://www.daily-life-hacks.com/tabbouleh-salad-high-fiber-bulgur","High Fiber Dinner and Gut Health Recipes","Tabbouleh Salad High Fiber Bulgur - appetizing bowl with colorful ingredients for natural body cleanse"
"https://www.daily-life-hacks.com/images/pins/pear-salad-with-walnuts-fiber-rich_v1.jpg","Pear Salad with Walnuts Fiber Rich Guide","Sweet and Savory. Pear, Walnut and Blue Cheese salad. Pears are one of the highest fiber fruits! #PearSalad #HealthyDinner #HighFiberRecipes #SaladRecipe #HighFiberFruit #HealthyEating #GourmetSalad #GutHealth","https://www.daily-life-hacks.com/pear-salad-with-walnuts-fiber-rich-guide","High Fiber Dinner and Gut Health Recipes","Pear Salad with Walnuts Fiber Rich - professionally plated meal for natural nutrition"
"https://www.daily-life-hacks.com/images/pins/pear-salad-with-walnuts-fiber-rich_v2.jpg","Pear Salad with Walnuts Fiber Rich Tips","Sweet and Savory. Pear, Walnut and Blue Cheese salad. Pears are one of the highest fiber fruits! #PearSalad #HealthyDinner #HighFiberRecipes #SaladRecipe #HighFiberFruit #HealthyEating #GourmetSalad #GutHealth","https://www.daily-life-hacks.com/pear-salad-with-walnuts-fiber-rich-tips","High Fiber Dinner and Gut Health Recipes","Pear Salad with Walnuts Fiber Rich - professionally plated meal for natural nutrition"
"https://www.daily-life-hacks.com/images/pins/pear-salad-with-walnuts-fiber-rich_v3.jpg","Best Pear Salad with Walnuts Fiber Rich","Sweet and Savory. Pear, Walnut and Blue Cheese salad. Pears are one of the highest fiber fruits! #PearSalad #HealthyDinner #HighFiberRecipes #SaladRecipe #HighFiberFruit #HealthyEating #GourmetSalad #GutHealth","https://www.daily-life-hacks.com/best-pear-salad-with-walnuts-fiber-rich","High Fiber Dinner and Gut Health Recipes","Pear Salad with Walnuts Fiber Rich - professionally plated meal for natural nutrition"
"https://www.daily-life-hacks.com/images/pins/pear-salad-with-walnuts-fiber-rich_v4.jpg","Pear Salad with Walnuts Fiber Rich","Sweet and Savory. Pear, Walnut and Blue Cheese salad. Pears are one of the highest fiber fruits! #PearSalad #HealthyDinner #HighFiberRecipes #SaladRecipe #HighFiberFruit #HealthyEating #GourmetSalad #GutHealth","https://www.daily-life-hacks.com/pear-salad-with-walnuts-fiber-rich","High Fiber Dinner and Gut Health Recipes","Pear Salad with Walnuts Fiber Rich - professionally plated meal for natural nutrition"
"https://www.daily-life-hacks.com/images/pins/high-fiber-bran-muffins-that-taste-good_v1.jpg","High Fiber Bran Muffins That Taste Good","Not your grandma's muffins! Moist High Fiber Bran Muffins with raisins and honey. Best breakfast for regularity. #BranMuffins #HealthyBaking #ConstipationRelief #BranMuffins #BreakfastIdeas #HighFiber #GutHealth #Baking","https://www.daily-life-hacks.com/high-fiber-bran-muffins-that-taste-good","Gut Health Tips and Nutrition Charts","High Fiber Bran Muffins That Taste Good - appetizing food presentation for natural digestive relief"
"https://www.daily-life-hacks.com/images/pins/high-fiber-bran-muffins-that-taste-good_v2.jpg","High Fiber Bran Muffins That Taste Good Guide","Not your grandma's muffins! Moist High Fiber Bran Muffins with raisins and honey. Best breakfast for regularity. #BranMuffins #HealthyBaking #ConstipationRelief #BranMuffins #BreakfastIdeas #HighFiber #GutHealth #Baking","https://www.daily-life-hacks.com/high-fiber-bran-muffins-that-taste-good-guide","Gut Health Tips and Nutrition Charts","High Fiber Bran Muffins That Taste Good - appetizing food presentation for natural digestive relief"
"https://www.daily-life-hacks.com/images/pins/high-fiber-bran-muffins-that-taste-good_v3.jpg","Best High Fiber Bran Muffins That Taste Good","Not your grandma's muffins! Moist High Fiber Bran Muffins with raisins and honey. Best breakfast for regularity. #BranMuffins #HealthyBaking #ConstipationRelief #BranMuffins #BreakfastIdeas #HighFiber #GutHealth #Baking","https://www.daily-life-hacks.com/best-high-fiber-bran-muffins-that-taste-good","Gut Health Tips and Nutrition Charts","High Fiber Bran Muffins That Taste Good - appetizing food presentation for natural digestive relief"
"https://www.daily-life-hacks.com/images/pins/high-fiber-bran-muffins-that-taste-good_v4.jpg","High Fiber Bran Muffins That Taste Good Tips","Not your grandma's muffins! Moist High Fiber Bran Muffins with raisins and honey. Best breakfast for regularity. #BranMuffins #HealthyBaking #ConstipationRelief #BranMuffins #BreakfastIdeas #HighFiber #GutHealth #Baking","https://www.daily-life-hacks.com/high-fiber-bran-muffins-that-taste-good-tips","Gut Health Tips and Nutrition Charts","High Fiber Bran Muffins That Taste Good - appetizing food presentation for natural digestive relief"
"https://www.daily-life-hacks.com/images/pins/high-fiber-stir-fry-vegetables_v1.jpg","What Veggies Are Good for a Stir Fry","Dinner in 10 mins. High Fiber Veggie Stir-Fry with broccoli, snap peas and peppers. Low calorie volume eating. #StirFry #VeggieDinner #HighFiber #StirFry #HealthyDinner #VolumeEating #HighFiber #VeganFood","https://www.daily-life-hacks.com/what-veggies-are-good-for-a-stir-fry","High Fiber Dinner and Gut Health Recipes","High Fiber Stir Fry Vegetables - dynamic cooking action shot for natural nutrition"
"https://www.daily-life-hacks.com/images/pins/high-fiber-stir-fry-vegetables_v2.jpg","What Vegetables Can You Add to a Stir Fry","Dinner in 10 mins. High Fiber Veggie Stir-Fry with broccoli, snap peas and peppers. Low calorie volume eating. #StirFry #VeggieDinner #HighFiber #StirFry #HealthyDinner #VolumeEating #HighFiber #VeganFood","https://www.daily-life-hacks.com/what-vegetables-can-you-add-to-a-stir-fry","High Fiber Dinner and Gut Health Recipes","High Fiber Stir Fry Vegetables - dynamic cooking action shot for natural nutrition"
"https://www.daily-life-hacks.com/images/pins/high-fiber-stir-fry-vegetables_v3.jpg","Fiber in Stir Fry Vegetables","Dinner in 10 mins. High Fiber Veggie Stir-Fry with broccoli, snap peas and peppers. Low calorie volume eating. #StirFry #VeggieDinner #HighFiber #StirFry #HealthyDinner #VolumeEating #HighFiber #VeganFood","https://www.daily-life-hacks.com/fiber-in-stir-fry-vegetables","High Fiber Dinner and Gut Health Recipes","High Fiber Stir Fry Vegetables - dynamic cooking action shot for natural nutrition"
"https://www.daily-life-hacks.com/images/pins/high-fiber-stir-fry-vegetables_v4.jpg","High Fibre Stir Fry Recipes","Dinner in 10 mins. High Fiber Veggie Stir-Fry with broccoli, snap peas and peppers. Low calorie volume eating. #StirFry #VeggieDinner #HighFiber #StirFry #HealthyDinner #VolumeEating #HighFiber #VeganFood","https://www.daily-life-hacks.com/high-fibre-stir-fry-recipes","High Fiber Dinner and Gut Health Recipes","High Fiber Stir Fry Vegetables - dynamic cooking action shot for natural nutrition"
"https://www.daily-life-hacks.com/images/pins/best-way-to-store-avocados-to-stop-browning_v1.jpg","How to Store Avocados to Keep Them Fresh","Sick of your expensive avocados turning brown immediately? Discover the best way to store avocados to stop browning and save your guacamole.","https://www.daily-life-hacks.com/how-to-store-avocados-to-keep-them-fresh","Gut Health Tips and Nutrition Charts","How to Store Avocados to Keep Them Fresh - healthy tips tips"
"https://www.daily-life-hacks.com/images/pins/best-way-to-store-avocados-to-stop-browning_v2.jpg","How to Store Cut Avocado Without It Turning Brown","Sick of your expensive avocados turning brown immediately? Discover the best way to store avocados to stop browning and save your guacamole.","https://www.daily-life-hacks.com/how-to-store-cut-avocado-without-it-turning-brown","Gut Health Tips and Nutrition Charts","How to Store Cut Avocado Without It Turning Brown - healthy tips tips"
"https://www.daily-life-hacks.com/images/pins/best-way-to-store-avocados-to-stop-browning_v3.jpg","What Is the Best Way to Keep Avocados From Browning","Sick of your expensive avocados turning brown immediately? Discover the best way to store avocados to stop browning and save your guacamole.","https://www.daily-life-hacks.com/what-is-the-best-way-to-keep-avocados-from-browning","Gut Health Tips and Nutrition Charts","What Is the Best Way to Keep Avocados From Browning - healthy tips tips"
"https://www.daily-life-hacks.com/images/pins/best-way-to-store-avocados-to-stop-browning_v4.jpg","How to Store Avocados to Prevent Browning","Sick of your expensive avocados turning brown immediately? Discover the best way to store avocados to stop browning and save your guacamole.","https://www.daily-life-hacks.com/how-to-store-avocados-to-prevent-browning","Gut Health Tips and Nutrition Charts","How to Store Avocados to Prevent Browning - healthy tips tips"
"https://www.daily-life-hacks.com/images/pins/freezer-meal-prep-ideas-for-beginners_v1.jpg","Easy Meal Prep Ideas to Freeze","Feeling overwhelmed by the kitchen? Start here with these totally manageable freezer meal prep ideas for beginners and save your weeknights.","https://www.daily-life-hacks.com/easy-meal-prep-ideas-to-freeze","Gut Health Tips and Nutrition Charts","Easy Meal Prep Ideas to Freeze - healthy tips tips"
"https://www.daily-life-hacks.com/images/pins/freezer-meal-prep-ideas-for-beginners_v2.jpg","Freezer Meal Prep Ideas for Toddlers","Feeling overwhelmed by the kitchen? Start here with these totally manageable freezer meal prep ideas for beginners and save your weeknights.","https://www.daily-life-hacks.com/freezer-meal-prep-ideas-for-toddlers","Gut Health Tips and Nutrition Charts","Freezer Meal Prep Ideas for Toddlers - healthy tips tips"
"https://www.daily-life-hacks.com/images/pins/freezer-meal-prep-ideas-for-beginners_v3.jpg","Freezer Meal Prep Ideas Kid Friendly","Feeling overwhelmed by the kitchen? Start here with these totally manageable freezer meal prep ideas for beginners and save your weeknights.","https://www.daily-life-hacks.com/freezer-meal-prep-ideas-kid-friendly","Gut Health Tips and Nutrition Charts","Freezer Meal Prep Ideas Kid Friendly - healthy tips tips"
"https://www.daily-life-hacks.com/images/pins/freezer-meal-prep-ideas-for-beginners_v4.jpg","Fill Your Stash: Freezer Meal Prep Ideas for Beginners","Feeling overwhelmed by the kitchen? Start here with these totally manageable freezer meal prep ideas for beginners and save your weeknights.","https://www.daily-life-hacks.com/freezer-meal-prep-ideas-for-beginners-v4","Gut Health Tips and Nutrition Charts","Fill Your Stash: Freezer Meal Prep Ideas for Beginners - healthy tips tips"
"https://www.daily-life-hacks.com/images/pins/how-to-freeze-bananas-for-smoothies_v1.jpg","How to Freeze Strawberries and Bananas for Smoothies","Stop throwing away overripe bananas. Learn exactly how to freeze bananas for smoothies so they blend perfectly without ruining your blender.","https://www.daily-life-hacks.com/how-to-freeze-strawberries-and-bananas-for-smoothies","Healthy Breakfast, Smoothies and Snacks","How to Freeze Strawberries and Bananas for Smoothies - healthy tips tips"
"https://www.daily-life-hacks.com/images/pins/how-to-freeze-bananas-for-smoothies_v2.jpg","What's the Best Way to Freeze Bananas for Smoothies","Stop throwing away overripe bananas. Learn exactly how to freeze bananas for smoothies so they blend perfectly without ruining your blender.","https://www.daily-life-hacks.com/whats-the-best-way-to-freeze-bananas-for-smoothies","Healthy Breakfast, Smoothies and Snacks","What's the Best Way to Freeze Bananas for Smoothies - healthy tips tips"
"https://www.daily-life-hacks.com/images/pins/how-to-freeze-bananas-for-smoothies_v3.jpg","How to Freeze Bananas to Make Smoothies","Stop throwing away overripe bananas. Learn exactly how to freeze bananas for smoothies so they blend perfectly without ruining your blender.","https://www.daily-life-hacks.com/how-to-freeze-bananas-to-make-smoothies","Healthy Breakfast, Smoothies and Snacks","How to Freeze Bananas to Make Smoothies - healthy tips tips"
"https://www.daily-life-hacks.com/images/pins/how-to-freeze-bananas-for-smoothies_v4.jpg","How to Freeze Bananas for Smoothies Later","Stop throwing away overripe bananas. Learn exactly how to freeze bananas for smoothies so they blend perfectly without ruining your blender.","https://www.daily-life-hacks.com/how-to-freeze-bananas-for-smoothies-later","Healthy Breakfast, Smoothies and Snacks","How to Freeze Bananas for Smoothies Later - healthy tips tips"
"https://www.daily-life-hacks.com/images/pins/how-to-keep-bread-fresh-longer-without-mold_v1.jpg","How to Keep Bread Fresh Longer Without Mold","Buying good bread shouldn't mean rushing to eat it in two days. Here is how to keep bread fresh longer without mold taking over your loaf.","https://www.daily-life-hacks.com/how-to-keep-bread-fresh-longer-without-mold","Gut Health Tips and Nutrition Charts","How to Keep Bread Fresh Longer Without Mold - healthy tips tips"
"https://www.daily-life-hacks.com/images/pins/how-to-keep-bread-fresh-longer-without-mold_v2.jpg","How to Keep Bread Fresh Longer Without Mold Tips","Buying good bread shouldn't mean rushing to eat it in two days. Here is how to keep bread fresh longer without mold taking over your loaf.","https://www.daily-life-hacks.com/how-to-keep-bread-fresh-longer-without-mold-tips","Gut Health Tips and Nutrition Charts","How to Keep Bread Fresh Longer Without Mold Tips - healthy tips tips"
"https://www.daily-life-hacks.com/images/pins/how-to-keep-bread-fresh-longer-without-mold_v3.jpg","Best How to Keep Bread Fresh Longer Without Mold","Buying good bread shouldn't mean rushing to eat it in two days. Here is how to keep bread fresh longer without mold taking over your loaf.","https://www.daily-life-hacks.com/best-how-to-keep-bread-fresh-longer-without-mold","Gut Health Tips and Nutrition Charts","Best How to Keep Bread Fresh Longer Without Mold - healthy tips tips"
"https://www.daily-life-hacks.com/images/pins/how-to-keep-bread-fresh-longer-without-mold_v4.jpg","How to Keep Bread Fresh Longer Without Mold Guide","Buying good bread shouldn't mean rushing to eat it in two days. Here is how to keep bread fresh longer without mold taking over your loaf.","https://www.daily-life-hacks.com/how-to-keep-bread-fresh-longer-without-mold-guide","Gut Health Tips and Nutrition Charts","How to Keep Bread Fresh Longer Without Mold Guide - healthy tips tips"
"https://www.daily-life-hacks.com/images/pins/how-to-meal-prep-on-a-budget-for-one-person_v1.jpg","How to Meal Prep on a Budget","Cooking for one doesn't have to be expensive or exhausting. Learn how to meal prep on a budget for one person and save your sanity weeknights.","https://www.daily-life-hacks.com/how-to-meal-prep-on-a-budget","Gut Health Tips and Nutrition Charts","How to Meal Prep on a Budget - healthy tips tips"
"https://www.daily-life-hacks.com/images/pins/how-to-meal-prep-on-a-budget-for-one-person_v2.jpg","How to Meal Plan on a Budget","Cooking for one doesn't have to be expensive or exhausting. Learn how to meal prep on a budget for one person and save your sanity weeknights.","https://www.daily-life-hacks.com/how-to-meal-plan-on-a-budget","Gut Health Tips and Nutrition Charts","How to Meal Plan on a Budget - healthy tips tips"
"https://www.daily-life-hacks.com/images/pins/how-to-meal-prep-on-a-budget-for-one-person_v3.jpg","How to Meal Prep At Trader Joe's on a Budget for One Person","Cooking for one doesn't have to be expensive or exhausting. Learn how to meal prep on a budget for one person and save your sanity weeknights.","https://www.daily-life-hacks.com/how-to-meal-prep-at-trader-joes-on-a-budget-for-one-person","Gut Health Tips and Nutrition Charts","How to Meal Prep At Trader Joe's on a Budget for One Person - healthy tips tips"
"https://www.daily-life-hacks.com/images/pins/how-to-meal-prep-on-a-budget-for-one-person_v4.jpg","Cooking Solo: How to Meal Prep on a Budget for One Person","Cooking for one doesn't have to be expensive or exhausting. Learn how to meal prep on a budget for one person and save your sanity weeknights.","https://www.daily-life-hacks.com/how-to-meal-prep-on-a-budget-for-one-person-v4","Gut Health Tips and Nutrition Charts","Cooking Solo: How to Meal Prep on a Budget for One Person - healthy tips tips"
"https://www.daily-life-hacks.com/images/pins/how-to-organize-a-small-kitchen-on-a-budget_v1.jpg","How to Organize Small Kitchen Ideas on a Budget","Tired of cooking in chaos? Learn exactly how to organize a small kitchen on a budget with these simple storage hacks.","https://www.daily-life-hacks.com/how-to-organize-small-kitchen-ideas-on-a-budget","Gut Health Tips and Nutrition Charts","How to Organize Small Kitchen Ideas on a Budget - healthy tips tips"
"https://www.daily-life-hacks.com/images/pins/how-to-organize-a-small-kitchen-on-a-budget_v2.jpg","How to Organize a Very Small Kitchen","Tired of cooking in chaos? Learn exactly how to organize a small kitchen on a budget with these simple storage hacks.","https://www.daily-life-hacks.com/how-to-organize-a-very-small-kitchen","Gut Health Tips and Nutrition Charts","How to Organize a Very Small Kitchen - healthy tips tips"
"https://www.daily-life-hacks.com/images/pins/how-to-organize-a-small-kitchen-on-a-budget_v3.jpg","How to Organize a Small Kitchen","Tired of cooking in chaos? Learn exactly how to organize a small kitchen on a budget with these simple storage hacks.","https://www.daily-life-hacks.com/how-to-organize-a-small-kitchen","Gut Health Tips and Nutrition Charts","How to Organize a Small Kitchen - healthy tips tips"
"https://www.daily-life-hacks.com/images/pins/how-to-organize-a-small-kitchen-on-a-budget_v4.jpg","Maximize Your Space: How to Organize a Small Kitchen on a Budget","Tired of cooking in chaos? Learn exactly how to organize a small kitchen on a budget with these simple storage hacks.","https://www.daily-life-hacks.com/how-to-organize-a-small-kitchen-on-a-budget-v4","Gut Health Tips and Nutrition Charts","Maximize Your Space: How to Organize a Small Kitchen on a Budget - healthy tips tips"
"https://www.daily-life-hacks.com/images/pins/how-to-reduce-food-waste-at-home-easy-tips_v1.jpg","How to Reduce Food Waste At Home Easy Tips","Stop throwing money in the trash. Discover how to reduce food waste at home with easy tips that actually fit into your busy schedule.","https://www.daily-life-hacks.com/how-to-reduce-food-waste-at-home-easy-tips","Gut Health Tips and Nutrition Charts","How to Reduce Food Waste At Home Easy Tips - healthy tips tips"
"https://www.daily-life-hacks.com/images/pins/how-to-reduce-food-waste-at-home-easy-tips_v2.jpg","How to Reduce Food Waste At Home Easy Tips Guide","Stop throwing money in the trash. Discover how to reduce food waste at home with easy tips that actually fit into your busy schedule.","https://www.daily-life-hacks.com/how-to-reduce-food-waste-at-home-easy-tips-guide","Gut Health Tips and Nutrition Charts","How to Reduce Food Waste At Home Easy Tips Guide - healthy tips tips"
"https://www.daily-life-hacks.com/images/pins/how-to-reduce-food-waste-at-home-easy-tips_v3.jpg","How to Reduce Food Waste At Home Easy Tips Tips","Stop throwing money in the trash. Discover how to reduce food waste at home with easy tips that actually fit into your busy schedule.","https://www.daily-life-hacks.com/how-to-reduce-food-waste-at-home-easy-tips-tips","Gut Health Tips and Nutrition Charts","How to Reduce Food Waste At Home Easy Tips Tips - healthy tips tips"
"https://www.daily-life-hacks.com/images/pins/how-to-reduce-food-waste-at-home-easy-tips_v4.jpg","Best How to Reduce Food Waste At Home Easy Tips","Stop throwing money in the trash. Discover how to reduce food waste at home with easy tips that actually fit into your busy schedule.","https://www.daily-life-hacks.com/best-how-to-reduce-food-waste-at-home-easy-tips","Gut Health Tips and Nutrition Charts","Best How to Reduce Food Waste At Home Easy Tips - healthy tips tips"
"https://www.daily-life-hacks.com/images/pins/how-to-revive-wilted-lettuce-and-greens_v1.jpg","How to Revive Wilted Greens","Don't throw away that sad spinach! Find out exactly how to revive wilted lettuce and greens with one simple, practically magical kitchen hack.","https://www.daily-life-hacks.com/how-to-revive-wilted-greens","Gut Health Tips and Nutrition Charts","How to Revive Wilted Greens - healthy tips tips"
"https://www.daily-life-hacks.com/images/pins/how-to-revive-wilted-lettuce-and-greens_v2.jpg","How Do You Bring Wilted Lettuce Back to Life","Don't throw away that sad spinach! Find out exactly how to revive wilted lettuce and greens with one simple, practically magical kitchen hack.","https://www.daily-life-hacks.com/how-do-you-bring-wilted-lettuce-back-to-life","Gut Health Tips and Nutrition Charts","How Do You Bring Wilted Lettuce Back to Life - healthy tips tips"
"https://www.daily-life-hacks.com/images/pins/how-to-revive-wilted-lettuce-and-greens_v3.jpg","How to Revive Wilted Salad Greens","Don't throw away that sad spinach! Find out exactly how to revive wilted lettuce and greens with one simple, practically magical kitchen hack.","https://www.daily-life-hacks.com/how-to-revive-wilted-salad-greens","Gut Health Tips and Nutrition Charts","How to Revive Wilted Salad Greens - healthy tips tips"
"https://www.daily-life-hacks.com/images/pins/how-to-revive-wilted-lettuce-and-greens_v4.jpg","Can You Revive Wilted Lettuce","Don't throw away that sad spinach! Find out exactly how to revive wilted lettuce and greens with one simple, practically magical kitchen hack.","https://www.daily-life-hacks.com/can-you-revive-wilted-lettuce","Gut Health Tips and Nutrition Charts","Can You Revive Wilted Lettuce - healthy tips tips"
"https://www.daily-life-hacks.com/images/pins/how-to-store-fresh-herbs-to-last-longer_v1.jpg","How to Store Fresh Herbs for Long Time","Tired of your cilantro turning into green slime? Here is exactly how to store fresh herbs to last longer and save money.","https://www.daily-life-hacks.com/how-to-store-fresh-herbs-for-long-time","Gut Health Tips and Nutrition Charts","How to Store Fresh Herbs for Long Time - healthy tips tips"
"https://www.daily-life-hacks.com/images/pins/how-to-store-fresh-herbs-to-last-longer_v2.jpg","How to Store Herbs to Keep Them Fresh","Tired of your cilantro turning into green slime? Here is exactly how to store fresh herbs to last longer and save money.","https://www.daily-life-hacks.com/how-to-store-herbs-to-keep-them-fresh","Gut Health Tips and Nutrition Charts","How to Store Herbs to Keep Them Fresh - healthy tips tips"
"https://www.daily-life-hacks.com/images/pins/how-to-store-fresh-herbs-to-last-longer_v3.jpg","How to Store Fresh Herbs So They Last Longer","Tired of your cilantro turning into green slime? Here is exactly how to store fresh herbs to last longer and save money.","https://www.daily-life-hacks.com/how-to-store-fresh-herbs-so-they-last-longer","Gut Health Tips and Nutrition Charts","How to Store Fresh Herbs So They Last Longer - healthy tips tips"
"https://www.daily-life-hacks.com/images/pins/how-to-store-fresh-herbs-to-last-longer_v4.jpg","How to Make Fresh Herbs Last Longer","Tired of your cilantro turning into green slime? Here is exactly how to store fresh herbs to last longer and save money.","https://www.daily-life-hacks.com/how-to-make-fresh-herbs-last-longer","Gut Health Tips and Nutrition Charts","How to Make Fresh Herbs Last Longer - healthy tips tips"
"https://www.daily-life-hacks.com/images/pins/grocery-shopping-list-for-healthy-eating-on-a-budget_v1.jpg","Grocery Shopping List for Healthy Eating on a Budget","Eating well doesn't have to cost a fortune. Grab this exact grocery shopping list for healthy eating on a budget and start saving immediately.","https://www.daily-life-hacks.com/grocery-shopping-list-for-healthy-eating-on-a-budget","Gut Health Tips and Nutrition Charts","Grocery Shopping List for Healthy Eating on a Budget - healthy tips tips"
"https://www.daily-life-hacks.com/images/pins/grocery-shopping-list-for-healthy-eating-on-a-budget_v2.jpg","Grocery Shopping List for Healthy Eating on a Budget Guide","Eating well doesn't have to cost a fortune. Grab this exact grocery shopping list for healthy eating on a budget and start saving immediately.","https://www.daily-life-hacks.com/grocery-shopping-list-for-healthy-eating-on-a-budget-guide","Gut Health Tips and Nutrition Charts","Grocery Shopping List for Healthy Eating on a Budget Guide - healthy tips tips"
"https://www.daily-life-hacks.com/images/pins/grocery-shopping-list-for-healthy-eating-on-a-budget_v3.jpg","Grocery Shopping List for Healthy Eating on a Budget Tips","Eating well doesn't have to cost a fortune. Grab this exact grocery shopping list for healthy eating on a budget and start saving immediately.","https://www.daily-life-hacks.com/grocery-shopping-list-for-healthy-eating-on-a-budget-tips","Gut Health Tips and Nutrition Charts","Grocery Shopping List for Healthy Eating on a Budget Tips - healthy tips tips"
"https://www.daily-life-hacks.com/images/pins/grocery-shopping-list-for-healthy-eating-on-a-budget_v4.jpg","Best Grocery Shopping List for Healthy Eating on a Budget","Eating well doesn't have to cost a fortune. Grab this exact grocery shopping list for healthy eating on a budget and start saving immediately.","https://www.daily-life-hacks.com/best-grocery-shopping-list-for-healthy-eating-on-a-budget","Gut Health Tips and Nutrition Charts","Best Grocery Shopping List for Healthy Eating on a Budget - healthy tips tips"
"https://www.daily-life-hacks.com/images/pins/how-to-read-nutrition-labels-for-beginners_v1.jpg","How to Read Nutrition Labels Total Fat","Feeling confused in the grocery aisle? Here is a dead simple guide on how to read nutrition labels for beginners without needing a science degree.","https://www.daily-life-hacks.com/how-to-read-nutrition-labels-total-fat","Gut Health Tips and Nutrition Charts","How to Read Nutrition Labels Total Fat - healthy tips tips"
"https://www.daily-life-hacks.com/images/pins/how-to-read-nutrition-labels-for-beginners_v2.jpg","How to Read Nutrition Labels to Lower Cholesterol","Feeling confused in the grocery aisle? Here is a dead simple guide on how to read nutrition labels for beginners without needing a science degree.","https://www.daily-life-hacks.com/how-to-read-nutrition-labels-to-lower-cholesterol","Gut Health Tips and Nutrition Charts","How to Read Nutrition Labels to Lower Cholesterol - healthy tips tips"
"https://www.daily-life-hacks.com/images/pins/how-to-read-nutrition-labels-for-beginners_v3.jpg","How to Read Food Nutrition Labels","Feeling confused in the grocery aisle? Here is a dead simple guide on how to read nutrition labels for beginners without needing a science degree.","https://www.daily-life-hacks.com/how-to-read-food-nutrition-labels","Gut Health Tips and Nutrition Charts","How to Read Food Nutrition Labels - healthy tips tips"
"https://www.daily-life-hacks.com/images/pins/how-to-read-nutrition-labels-for-beginners_v4.jpg","How to Read Nutrition Labels for Weight Loss","Feeling confused in the grocery aisle? Here is a dead simple guide on how to read nutrition labels for beginners without needing a science degree.","https://www.daily-life-hacks.com/how-to-read-nutrition-labels-for-weight-loss","Gut Health Tips and Nutrition Charts","How to Read Nutrition Labels for Weight Loss - healthy tips tips"
"https://www.daily-life-hacks.com/images/pins/batch-cooking-for-beginners-weekly-guide_v1.jpg","Batch Cooking for Beginners Weekly Guide","Exhausted by weeknight cooking? Master the Sunday system with this ridiculously straightforward batch cooking for beginners weekly guide.","https://www.daily-life-hacks.com/batch-cooking-for-beginners-weekly-guide","Gut Health Tips and Nutrition Charts","Batch Cooking for Beginners Weekly Guide - healthy tips tips"
"https://www.daily-life-hacks.com/images/pins/batch-cooking-for-beginners-weekly-guide_v2.jpg","Batch Cooking for Beginners Weekly Guide Guide","Exhausted by weeknight cooking? Master the Sunday system with this ridiculously straightforward batch cooking for beginners weekly guide.","https://www.daily-life-hacks.com/batch-cooking-for-beginners-weekly-guide-guide","Gut Health Tips and Nutrition Charts","Batch Cooking for Beginners Weekly Guide Guide - healthy tips tips"
"https://www.daily-life-hacks.com/images/pins/batch-cooking-for-beginners-weekly-guide_v3.jpg","Batch Cooking for Beginners Weekly Guide Tips","Exhausted by weeknight cooking? Master the Sunday system with this ridiculously straightforward batch cooking for beginners weekly guide.","https://www.daily-life-hacks.com/batch-cooking-for-beginners-weekly-guide-tips","Gut Health Tips and Nutrition Charts","Batch Cooking for Beginners Weekly Guide Tips - healthy tips tips"
"https://www.daily-life-hacks.com/images/pins/batch-cooking-for-beginners-weekly-guide_v4.jpg","Best Batch Cooking for Beginners Weekly Guide","Exhausted by weeknight cooking? Master the Sunday system with this ridiculously straightforward batch cooking for beginners weekly guide.","https://www.daily-life-hacks.com/best-batch-cooking-for-beginners-weekly-guide","Gut Health Tips and Nutrition Charts","Best Batch Cooking for Beginners Weekly Guide - healthy tips tips"
"https://www.daily-life-hacks.com/images/pins/how-to-make-grocery-shopping-cheaper_v1.jpg","Ways to Make Grocery Shopping Cheaper","Inflation making the checkout line painful? Learn how to make grocery shopping cheaper with these incredibly effective, psychology-based strategies.","https://www.daily-life-hacks.com/ways-to-make-grocery-shopping-cheaper","Gut Health Tips and Nutrition Charts","Ways to Make Grocery Shopping Cheaper - healthy tips tips"
"https://www.daily-life-hacks.com/images/pins/how-to-make-grocery-shopping-cheaper_v2.jpg","How to Make Grocery Shopping Cheap","Inflation making the checkout line painful? Learn how to make grocery shopping cheaper with these incredibly effective, psychology-based strategies.","https://www.daily-life-hacks.com/how-to-make-grocery-shopping-cheap","Gut Health Tips and Nutrition Charts","How to Make Grocery Shopping Cheap - healthy tips tips"
"https://www.daily-life-hacks.com/images/pins/how-to-make-grocery-shopping-cheaper_v3.jpg","How to Get Groceries Cheaper","Inflation making the checkout line painful? Learn how to make grocery shopping cheaper with these incredibly effective, psychology-based strategies.","https://www.daily-life-hacks.com/how-to-get-groceries-cheaper","Gut Health Tips and Nutrition Charts","How to Get Groceries Cheaper - healthy tips tips"
"https://www.daily-life-hacks.com/images/pins/how-to-make-grocery-shopping-cheaper_v4.jpg","How to Make Groceries Cheaper","Inflation making the checkout line painful? Learn how to make grocery shopping cheaper with these incredibly effective, psychology-based strategies.","https://www.daily-life-hacks.com/how-to-make-groceries-cheaper","Gut Health Tips and Nutrition Charts","How to Make Groceries Cheaper - healthy tips tips"
"https://www.daily-life-hacks.com/images/pins/how-to-store-fruits-and-vegetables-properly_v1.jpg","How to Store Fruits and Vegetables","Stop letting your produce rot. Discover how to store fruits and vegetables properly to double their lifespan and completely eliminate food waste.","https://www.daily-life-hacks.com/how-to-store-fruits-and-vegetables","Gut Health Tips and Nutrition Charts","How to Store Fruits and Vegetables - healthy tips tips"
"https://www.daily-life-hacks.com/images/pins/how-to-store-fruits-and-vegetables-properly_v2.jpg","How to Properly Store Fruits and Vegetables in the Fridge","Stop letting your produce rot. Discover how to store fruits and vegetables properly to double their lifespan and completely eliminate food waste.","https://www.daily-life-hacks.com/how-to-properly-store-fruits-and-vegetables-in-the-fridge","Gut Health Tips and Nutrition Charts","How to Properly Store Fruits and Vegetables in the Fridge - healthy tips tips"
"https://www.daily-life-hacks.com/images/pins/how-to-store-fruits-and-vegetables-properly_v3.jpg","How to Properly Store Fruits and Vegetables Chart","Stop letting your produce rot. Discover how to store fruits and vegetables properly to double their lifespan and completely eliminate food waste.","https://www.daily-life-hacks.com/how-to-properly-store-fruits-and-vegetables-chart","Gut Health Tips and Nutrition Charts","How to Properly Store Fruits and Vegetables Chart - healthy tips tips"
"https://www.daily-life-hacks.com/images/pins/how-to-store-fruits-and-vegetables-properly_v4.jpg","How Should Fruits and Vegetables Be Stored","Stop letting your produce rot. Discover how to store fruits and vegetables properly to double their lifespan and completely eliminate food waste.","https://www.daily-life-hacks.com/how-should-fruits-and-vegetables-be-stored","Gut Health Tips and Nutrition Charts","How Should Fruits and Vegetables Be Stored - healthy tips tips"
