image_filename,pin_title,description,destination_url,board,alt_text
air-fryer-salmon-bites-garlic-honey-glaze_v1.jpg,Air Fryer Salmon Bites With Garlic Honey Glaze,"Crispy on the outside and flaky inside, these air fryer salmon bites take less than ten minutes to cook. Tossed in a sweet and savory garlic honey glaze, they're the perfect quick dinner. #AirFryerRecipes #SalmonBites #HealthyDinner #QuickMeals #SeafoodRecipes",https://www.daily-life-hacks.com/air-fryer-salmon-bites-garlic-honey-glaze-v1,Healthy Recipes,Sticky glazed air fryer salmon bites served over a bowl of rice with sesame seeds
air-fryer-salmon-bites-garlic-honey-glaze_v2.jpg,Air Fryer Salmon Bites With Garlic Honey Glaze,"Crispy on the outside and flaky inside, these air fryer salmon bites take less than ten minutes to cook. Tossed in a sweet and savory garlic honey glaze, they're the perfect quick dinner. #AirFryerRecipes #SalmonBites #HealthyDinner #QuickMeals #SeafoodRecipes",https://www.daily-life-hacks.com/air-fryer-salmon-bites-garlic-honey-glaze-v2,Healthy Recipes,Sticky glazed air fryer salmon bites served over a bowl of rice with sesame seeds
air-fryer-salmon-bites-garlic-honey-glaze_v3.jpg,Air Fryer Salmon Bites With Garlic Honey Glaze,"Crispy on the outside and flaky inside, these air fryer salmon bites take less than ten minutes to cook. Tossed in a sweet and savory garlic honey glaze, they're the perfect quick dinner. #AirFryerRecipes #SalmonBites #HealthyDinner #QuickMeals #SeafoodRecipes",https://www.daily-life-hacks.com/air-fryer-salmon-bites-garlic-honey-glaze-v3,Healthy Recipes,Sticky glazed air fryer salmon bites served over a bowl of rice with sesame seeds
air-fryer-salmon-bites-garlic-honey-glaze_v4.jpg,Air Fryer Salmon Bites With Garlic Honey Glaze,"Crispy on the outside and flaky inside, these air fryer salmon bites take less than ten minutes to cook. Tossed in a sweet and savory garlic honey glaze, they're the perfect quick dinner. #AirFryerRecipes #SalmonBites #HealthyDinner #QuickMeals #SeafoodRecipes",https://www.daily-life-hacks.com/air-fryer-salmon-bites-garlic-honey-glaze-v4,Healthy Recipes,Sticky glazed air fryer salmon bites served over a bowl of rice with sesame seeds
air-fryer-salmon-bites-garlic-honey-glaze_v5.jpg,Air Fryer Salmon Bites With Garlic Honey Glaze,"Crispy on the outside and flaky inside, these air fryer salmon bites take less than ten minutes to cook. Tossed in a sweet and savory garlic honey glaze, they're the perfect quick dinner. #AirFryerRecipes #SalmonBites #HealthyDinner #QuickMeals #SeafoodRecipes",https://www.daily-life-hacks.com/air-fryer-salmon-bites-garlic-honey-glaze-v5,Healthy Recipes,Sticky glazed air fryer salmon bites served over a bowl of rice with sesame seeds
amaranth-millet-teff-beginner-cooking-guide_v1.jpg,"Amaranth, Millet, and Teff: A Beginner Guide to Cooking Whole Grains","If your pantry is stuck on rice and oats, you are missing out. This beginner guide to cooking amaranth, millet, and teff makes the ratios simple, the texture predictable, and the ""what do I do with it"" part actually doable. #WholeGrains #MealPrepBasics #HealthyCarbs #PantryUpgrade #CookingGuide",https://www.daily-life-hacks.com/amaranth-millet-teff-beginner-cooking-guide-v1,Nutrition Tips,Small bowls of cooked amaranth millet and teff with a spoon on a kitchen counter
amaranth-millet-teff-beginner-cooking-guide_v2.jpg,"Amaranth, Millet, and Teff: A Beginner Guide to Cooking Whole Grains","If your pantry is stuck on rice and oats, you are missing out. This beginner guide to cooking amaranth, millet, and teff makes the ratios simple, the texture predictable, and the ""what do I do with it"" part actually doable. #WholeGrains #MealPrepBasics #HealthyCarbs #PantryUpgrade #CookingGuide",https://www.daily-life-hacks.com/amaranth-millet-teff-beginner-cooking-guide-v2,Nutrition Tips,Small bowls of cooked amaranth millet and teff with a spoon on a kitchen counter
amaranth-millet-teff-beginner-cooking-guide_v3.jpg,"Amaranth, Millet, and Teff: A Beginner Guide to Cooking Whole Grains","If your pantry is stuck on rice and oats, you are missing out. This beginner guide to cooking amaranth, millet, and teff makes the ratios simple, the texture predictable, and the ""what do I do with it"" part actually doable. #WholeGrains #MealPrepBasics #HealthyCarbs #PantryUpgrade #CookingGuide",https://www.daily-life-hacks.com/amaranth-millet-teff-beginner-cooking-guide-v3,Nutrition Tips,Small bowls of cooked amaranth millet and teff with a spoon on a kitchen counter
amaranth-millet-teff-beginner-cooking-guide_v4.jpg,"Amaranth, Millet, and Teff: A Beginner Guide to Cooking Whole Grains","If your pantry is stuck on rice and oats, you are missing out. This beginner guide to cooking amaranth, millet, and teff makes the ratios simple, the texture predictable, and the ""what do I do with it"" part actually doable. #WholeGrains #MealPrepBasics #HealthyCarbs #PantryUpgrade #CookingGuide",https://www.daily-life-hacks.com/amaranth-millet-teff-beginner-cooking-guide-v4,Nutrition Tips,Small bowls of cooked amaranth millet and teff with a spoon on a kitchen counter
amaranth-millet-teff-beginner-cooking-guide_v5.jpg,"Amaranth, Millet, and Teff: A Beginner Guide to Cooking Whole Grains","If your pantry is stuck on rice and oats, you are missing out. This beginner guide to cooking amaranth, millet, and teff makes the ratios simple, the texture predictable, and the ""what do I do with it"" part actually doable. #WholeGrains #MealPrepBasics #HealthyCarbs #PantryUpgrade #CookingGuide",https://www.daily-life-hacks.com/amaranth-millet-teff-beginner-cooking-guide-v5,Nutrition Tips,Small bowls of cooked amaranth millet and teff with a spoon on a kitchen counter
baked-cod-lemon-capers-green-beans_v1.jpg,"Baked Cod With Lemon, Capers, and Green Beans (15-Min Prep)","This baked cod with lemon capers and green beans is a bright, easy dinner that cooks on one pan. It tastes fancy but takes almost no effort to throw together. #BakedCodRecipe #LemonCaperSauce #QuickFishDinner #WeeknightMeals #EasySeafood",https://www.daily-life-hacks.com/baked-cod-lemon-capers-green-beans-v1,Healthy Recipes,Baked cod fillets with lemon slices capers and green beans on a baking sheet
baked-cod-lemon-capers-green-beans_v2.jpg,"Baked Cod With Lemon, Capers, and Green Beans (15-Min Prep)","This baked cod with lemon capers and green beans is a bright, easy dinner that cooks on one pan. It tastes fancy but takes almost no effort to throw together. #BakedCodRecipe #LemonCaperSauce #QuickFishDinner #WeeknightMeals #EasySeafood",https://www.daily-life-hacks.com/baked-cod-lemon-capers-green-beans-v2,Healthy Recipes,Baked cod fillets with lemon slices capers and green beans on a baking sheet
baked-cod-lemon-capers-green-beans_v3.jpg,"Baked Cod With Lemon, Capers, and Green Beans (15-Min Prep)","This baked cod with lemon capers and green beans is a bright, easy dinner that cooks on one pan. It tastes fancy but takes almost no effort to throw together. #BakedCodRecipe #LemonCaperSauce #QuickFishDinner #WeeknightMeals #EasySeafood",https://www.daily-life-hacks.com/baked-cod-lemon-capers-green-beans-v3,Healthy Recipes,Baked cod fillets with lemon slices capers and green beans on a baking sheet
baked-cod-lemon-capers-green-beans_v4.jpg,"Baked Cod With Lemon, Capers, and Green Beans (15-Min Prep)","This baked cod with lemon capers and green beans is a bright, easy dinner that cooks on one pan. It tastes fancy but takes almost no effort to throw together. #BakedCodRecipe #LemonCaperSauce #QuickFishDinner #WeeknightMeals #EasySeafood",https://www.daily-life-hacks.com/baked-cod-lemon-capers-green-beans-v4,Healthy Recipes,Baked cod fillets with lemon slices capers and green beans on a baking sheet
baked-cod-lemon-capers-green-beans_v5.jpg,"Baked Cod With Lemon, Capers, and Green Beans (15-Min Prep)","This baked cod with lemon capers and green beans is a bright, easy dinner that cooks on one pan. It tastes fancy but takes almost no effort to throw together. #BakedCodRecipe #LemonCaperSauce #QuickFishDinner #WeeknightMeals #EasySeafood",https://www.daily-life-hacks.com/baked-cod-lemon-capers-green-beans-v5,Healthy Recipes,Baked cod fillets with lemon slices capers and green beans on a baking sheet
baking-sheet-liners-parchment-silicone-when-to-use_v1.jpg,"Baking Sheet Liners: Parchment, Silicone Mats, and When to Use Each","Stop guessing what goes on your pan. Here is a clear guide on baking sheet liners, comparing parchment paper and silicone mats, and when to use each for the best results. #BakingTips #KitchenTools #FoodPrep #CookingHacks #OvenRoasting",https://www.daily-life-hacks.com/baking-sheet-liners-parchment-silicone-when-to-use-v1,Nutrition Tips,Baking sheet half lined with parchment paper and half with a silicone baking mat
baking-sheet-liners-parchment-silicone-when-to-use_v2.jpg,"Baking Sheet Liners: Parchment, Silicone Mats, and When to Use Each","Stop guessing what goes on your pan. Here is a clear guide on baking sheet liners, comparing parchment paper and silicone mats, and when to use each for the best results. #BakingTips #KitchenTools #FoodPrep #CookingHacks #OvenRoasting",https://www.daily-life-hacks.com/baking-sheet-liners-parchment-silicone-when-to-use-v2,Nutrition Tips,Baking sheet half lined with parchment paper and half with a silicone baking mat
baking-sheet-liners-parchment-silicone-when-to-use_v3.jpg,"Baking Sheet Liners: Parchment, Silicone Mats, and When to Use Each","Stop guessing what goes on your pan. Here is a clear guide on baking sheet liners, comparing parchment paper and silicone mats, and when to use each for the best results. #BakingTips #KitchenTools #FoodPrep #CookingHacks #OvenRoasting",https://www.daily-life-hacks.com/baking-sheet-liners-parchment-silicone-when-to-use-v3,Nutrition Tips,Baking sheet half lined with parchment paper and half with a silicone baking mat
baking-sheet-liners-parchment-silicone-when-to-use_v4.jpg,"Baking Sheet Liners: Parchment, Silicone Mats, and When to Use Each","Stop guessing what goes on your pan. Here is a clear guide on baking sheet liners, comparing parchment paper and silicone mats, and when to use each for the best results. #BakingTips #KitchenTools #FoodPrep #CookingHacks #OvenRoasting",https://www.daily-life-hacks.com/baking-sheet-liners-parchment-silicone-when-to-use-v4,Nutrition Tips,Baking sheet half lined with parchment paper and half with a silicone baking mat
baking-sheet-liners-parchment-silicone-when-to-use_v5.jpg,"Baking Sheet Liners: Parchment, Silicone Mats, and When to Use Each","Stop guessing what goes on your pan. Here is a clear guide on baking sheet liners, comparing parchment paper and silicone mats, and when to use each for the best results. #BakingTips #KitchenTools #FoodPrep #CookingHacks #OvenRoasting",https://www.daily-life-hacks.com/baking-sheet-liners-parchment-silicone-when-to-use-v5,Nutrition Tips,Baking sheet half lined with parchment paper and half with a silicone baking mat
balanced-breakfast-that-keeps-you-full_v1.jpg,How to Build a Balanced Breakfast That Actually Holds You Over,Stop crashing at ten in the morning. Learn how to build a balanced breakfast that keeps you full without requiring an hour of meal prep. #BalancedBreakfast #MorningRoutine #HealthyEating #NutritionTips #StayFullLonger,https://www.daily-life-hacks.com/balanced-breakfast-that-keeps-you-full-v1,Nutrition Tips,A balanced breakfast plate with eggs toast and avocado next to coffee
balanced-breakfast-that-keeps-you-full_v2.jpg,How to Build a Balanced Breakfast That Actually Holds You Over,Stop crashing at ten in the morning. Learn how to build a balanced breakfast that keeps you full without requiring an hour of meal prep. #BalancedBreakfast #MorningRoutine #HealthyEating #NutritionTips #StayFullLonger,https://www.daily-life-hacks.com/balanced-breakfast-that-keeps-you-full-v2,Nutrition Tips,A balanced breakfast plate with eggs toast and avocado next to coffee
balanced-breakfast-that-keeps-you-full_v3.jpg,How to Build a Balanced Breakfast That Actually Holds You Over,Stop crashing at ten in the morning. Learn how to build a balanced breakfast that keeps you full without requiring an hour of meal prep. #BalancedBreakfast #MorningRoutine #HealthyEating #NutritionTips #StayFullLonger,https://www.daily-life-hacks.com/balanced-breakfast-that-keeps-you-full-v3,Nutrition Tips,A balanced breakfast plate with eggs toast and avocado next to coffee
balanced-breakfast-that-keeps-you-full_v4.jpg,How to Build a Balanced Breakfast That Actually Holds You Over,Stop crashing at ten in the morning. Learn how to build a balanced breakfast that keeps you full without requiring an hour of meal prep. #BalancedBreakfast #MorningRoutine #HealthyEating #NutritionTips #StayFullLonger,https://www.daily-life-hacks.com/balanced-breakfast-that-keeps-you-full-v4,Nutrition Tips,A balanced breakfast plate with eggs toast and avocado next to coffee
balanced-breakfast-that-keeps-you-full_v5.jpg,How to Build a Balanced Breakfast That Actually Holds You Over,Stop crashing at ten in the morning. Learn how to build a balanced breakfast that keeps you full without requiring an hour of meal prep. #BalancedBreakfast #MorningRoutine #HealthyEating #NutritionTips #StayFullLonger,https://www.daily-life-hacks.com/balanced-breakfast-that-keeps-you-full-v5,Nutrition Tips,A balanced breakfast plate with eggs toast and avocado next to coffee
air-fryer-salmon-bites-garlic-honey-glaze_v1.jpg,https://www.daily-life-hacks.com/images/pins/air-fryer-salmon-bites-garlic-honey-glaze_v1.jpg,Air Fryer Salmon Bites With Garlic Honey Glaze,"Crispy on the outside and flaky inside, these air fryer salmon bites take less than ten minutes to cook. Tossed in a sweet and savory garlic honey glaze, they're the perfect quick dinner. #AirFryerRecipes #SalmonBites #HealthyDinner #QuickMeals #SeafoodRecipes",https://www.daily-life-hacks.com/air-fryer-salmon-bites-garlic-honey-glaze?utm_content=v1,High Fiber Dinner and Gut Health Recipes,Sticky glazed air fryer salmon bites served over a bowl of rice with sesame seeds
air-fryer-salmon-bites-garlic-honey-glaze_v2.jpg,https://www.daily-life-hacks.com/images/pins/air-fryer-salmon-bites-garlic-honey-glaze_v2.jpg,Air Fryer Salmon Bites With Garlic Honey Glaze,"Crispy on the outside and flaky inside, these air fryer salmon bites take less than ten minutes to cook. Tossed in a sweet and savory garlic honey glaze, they're the perfect quick dinner. #AirFryerRecipes #SalmonBites #HealthyDinner #QuickMeals #SeafoodRecipes",https://www.daily-life-hacks.com/air-fryer-salmon-bites-garlic-honey-glaze?utm_content=v2,High Fiber Dinner and Gut Health Recipes,Sticky glazed air fryer salmon bites served over a bowl of rice with sesame seeds
air-fryer-salmon-bites-garlic-honey-glaze_v3.jpg,https://www.daily-life-hacks.com/images/pins/air-fryer-salmon-bites-garlic-honey-glaze_v3.jpg,Air Fryer Salmon Bites With Garlic Honey Glaze,"Crispy on the outside and flaky inside, these air fryer salmon bites take less than ten minutes to cook. Tossed in a sweet and savory garlic honey glaze, they're the perfect quick dinner. #AirFryerRecipes #SalmonBites #HealthyDinner #QuickMeals #SeafoodRecipes",https://www.daily-life-hacks.com/air-fryer-salmon-bites-garlic-honey-glaze?utm_content=v3,High Fiber Dinner and Gut Health Recipes,Sticky glazed air fryer salmon bites served over a bowl of rice with sesame seeds
air-fryer-salmon-bites-garlic-honey-glaze_v4.jpg,https://www.daily-life-hacks.com/images/pins/air-fryer-salmon-bites-garlic-honey-glaze_v4.jpg,Air Fryer Salmon Bites With Garlic Honey Glaze,"Crispy on the outside and flaky inside, these air fryer salmon bites take less than ten minutes to cook. Tossed in a sweet and savory garlic honey glaze, they're the perfect quick dinner. #AirFryerRecipes #SalmonBites #HealthyDinner #QuickMeals #SeafoodRecipes",https://www.daily-life-hacks.com/air-fryer-salmon-bites-garlic-honey-glaze?utm_content=v4,High Fiber Dinner and Gut Health Recipes,Sticky glazed air fryer salmon bites served over a bowl of rice with sesame seeds
air-fryer-salmon-bites-garlic-honey-glaze_v5.jpg,https://www.daily-life-hacks.com/images/pins/air-fryer-salmon-bites-garlic-honey-glaze_v5.jpg,Air Fryer Salmon Bites With Garlic Honey Glaze,"Crispy on the outside and flaky inside, these air fryer salmon bites take less than ten minutes to cook. Tossed in a sweet and savory garlic honey glaze, they're the perfect quick dinner. #AirFryerRecipes #SalmonBites #HealthyDinner #QuickMeals #SeafoodRecipes",https://www.daily-life-hacks.com/air-fryer-salmon-bites-garlic-honey-glaze?utm_content=v5,High Fiber Dinner and Gut Health Recipes,Sticky glazed air fryer salmon bites served over a bowl of rice with sesame seeds
baked-cod-lemon-capers-green-beans_v1.jpg,https://www.daily-life-hacks.com/images/pins/baked-cod-lemon-capers-green-beans_v1.jpg,"Baked Cod With Lemon, Capers, and Green Beans (15-Min Prep)","This baked cod with lemon capers and green beans is a bright, easy dinner that cooks on one pan. It tastes fancy but takes almost no effort to throw together. #BakedCodRecipe #LemonCaperSauce #QuickFishDinner #WeeknightMeals #EasySeafood",https://www.daily-life-hacks.com/baked-cod-lemon-capers-green-beans?utm_content=v1,High Fiber Dinner and Gut Health Recipes,Baked cod fillets with lemon slices capers and green beans on a baking sheet
baked-cod-lemon-capers-green-beans_v2.jpg,https://www.daily-life-hacks.com/images/pins/baked-cod-lemon-capers-green-beans_v2.jpg,"Baked Cod With Lemon, Capers, and Green Beans (15-Min Prep)","This baked cod with lemon capers and green beans is a bright, easy dinner that cooks on one pan. It tastes fancy but takes almost no effort to throw together. #BakedCodRecipe #LemonCaperSauce #QuickFishDinner #WeeknightMeals #EasySeafood",https://www.daily-life-hacks.com/baked-cod-lemon-capers-green-beans?utm_content=v2,High Fiber Dinner and Gut Health Recipes,Baked cod fillets with lemon slices capers and green beans on a baking sheet
baked-cod-lemon-capers-green-beans_v3.jpg,https://www.daily-life-hacks.com/images/pins/baked-cod-lemon-capers-green-beans_v3.jpg,"Baked Cod With Lemon, Capers, and Green Beans (15-Min Prep)","This baked cod with lemon capers and green beans is a bright, easy dinner that cooks on one pan. It tastes fancy but takes almost no effort to throw together. #BakedCodRecipe #LemonCaperSauce #QuickFishDinner #WeeknightMeals #EasySeafood",https://www.daily-life-hacks.com/baked-cod-lemon-capers-green-beans?utm_content=v3,High Fiber Dinner and Gut Health Recipes,Baked cod fillets with lemon slices capers and green beans on a baking sheet
baked-cod-lemon-capers-green-beans_v4.jpg,https://www.daily-life-hacks.com/images/pins/baked-cod-lemon-capers-green-beans_v4.jpg,"Baked Cod With Lemon, Capers, and Green Beans (15-Min Prep)","This baked cod with lemon capers and green beans is a bright, easy dinner that cooks on one pan. It tastes fancy but takes almost no effort to throw together. #BakedCodRecipe #LemonCaperSauce #QuickFishDinner #WeeknightMeals #EasySeafood",https://www.daily-life-hacks.com/baked-cod-lemon-capers-green-beans?utm_content=v4,High Fiber Dinner and Gut Health Recipes,Baked cod fillets with lemon slices capers and green beans on a baking sheet
baked-cod-lemon-capers-green-beans_v5.jpg,https://www.daily-life-hacks.com/images/pins/baked-cod-lemon-capers-green-beans_v5.jpg,"Baked Cod With Lemon, Capers, and Green Beans (15-Min Prep)","This baked cod with lemon capers and green beans is a bright, easy dinner that cooks on one pan. It tastes fancy but takes almost no effort to throw together. #BakedCodRecipe #LemonCaperSauce #QuickFishDinner #WeeknightMeals #EasySeafood",https://www.daily-life-hacks.com/baked-cod-lemon-capers-green-beans?utm_content=v5,High Fiber Dinner and Gut Health Recipes,Baked cod fillets with lemon slices capers and green beans on a baking sheet
air-fryer-salmon-bites-garlic-honey-glaze_v1.jpg,https://www.daily-life-hacks.com/images/pins/air-fryer-salmon-bites-garlic-honey-glaze_v1.jpg,Air Fryer Salmon Bites With Garlic Honey Glaze,"Crispy on the outside and flaky inside, these air fryer salmon bites take less than ten minutes to cook. Tossed in a sweet and savory garlic honey glaze, they're the perfect quick dinner. #AirFryerRecipes #SalmonBites #HealthyDinner #QuickMeals #SeafoodRecipes",https://www.daily-life-hacks.com/air-fryer-salmon-bites-garlic-honey-glaze?utm_content=v1,High Fiber Dinner and Gut Health Recipes,Sticky glazed air fryer salmon bites served over a bowl of rice with sesame seeds
air-fryer-salmon-bites-garlic-honey-glaze_v2.jpg,https://www.daily-life-hacks.com/images/pins/air-fryer-salmon-bites-garlic-honey-glaze_v2.jpg,Air Fryer Salmon Bites With Garlic Honey Glaze,"Crispy on the outside and flaky inside, these air fryer salmon bites take less than ten minutes to cook. Tossed in a sweet and savory garlic honey glaze, they're the perfect quick dinner. #AirFryerRecipes #SalmonBites #HealthyDinner #QuickMeals #SeafoodRecipes",https://www.daily-life-hacks.com/air-fryer-salmon-bites-garlic-honey-glaze?utm_content=v2,High Fiber Dinner and Gut Health Recipes,Sticky glazed air fryer salmon bites served over a bowl of rice with sesame seeds
air-fryer-salmon-bites-garlic-honey-glaze_v3.jpg,https://www.daily-life-hacks.com/images/pins/air-fryer-salmon-bites-garlic-honey-glaze_v3.jpg,Air Fryer Salmon Bites With Garlic Honey Glaze,"Crispy on the outside and flaky inside, these air fryer salmon bites take less than ten minutes to cook. Tossed in a sweet and savory garlic honey glaze, they're the perfect quick dinner. #AirFryerRecipes #SalmonBites #HealthyDinner #QuickMeals #SeafoodRecipes",https://www.daily-life-hacks.com/air-fryer-salmon-bites-garlic-honey-glaze?utm_content=v3,High Fiber Dinner and Gut Health Recipes,Sticky glazed air fryer salmon bites served over a bowl of rice with sesame seeds
air-fryer-salmon-bites-garlic-honey-glaze_v4.jpg,https://www.daily-life-hacks.com/images/pins/air-fryer-salmon-bites-garlic-honey-glaze_v4.jpg,Air Fryer Salmon Bites With Garlic Honey Glaze,"Crispy on the outside and flaky inside, these air fryer salmon bites take less than ten minutes to cook. Tossed in a sweet and savory garlic honey glaze, they're the perfect quick dinner. #AirFryerRecipes #SalmonBites #HealthyDinner #QuickMeals #SeafoodRecipes",https://www.daily-life-hacks.com/air-fryer-salmon-bites-garlic-honey-glaze?utm_content=v4,High Fiber Dinner and Gut Health Recipes,Sticky glazed air fryer salmon bites served over a bowl of rice with sesame seeds
air-fryer-salmon-bites-garlic-honey-glaze_v5.jpg,https://www.daily-life-hacks.com/images/pins/air-fryer-salmon-bites-garlic-honey-glaze_v5.jpg,Air Fryer Salmon Bites With Garlic Honey Glaze,"Crispy on the outside and flaky inside, these air fryer salmon bites take less than ten minutes to cook. Tossed in a sweet and savory garlic honey glaze, they're the perfect quick dinner. #AirFryerRecipes #SalmonBites #HealthyDinner #QuickMeals #SeafoodRecipes",https://www.daily-life-hacks.com/air-fryer-salmon-bites-garlic-honey-glaze?utm_content=v5,High Fiber Dinner and Gut Health Recipes,Sticky glazed air fryer salmon bites served over a bowl of rice with sesame seeds
amaranth-millet-teff-beginner-cooking-guide_v1.jpg,https://www.daily-life-hacks.com/images/pins/amaranth-millet-teff-beginner-cooking-guide_v1.jpg,"Amaranth, Millet, and Teff: A Beginner Guide to Cooking Whole Grains","If your pantry is stuck on rice and oats, you are missing out. This beginner guide to cooking amaranth, millet, and teff makes the ratios simple, the texture predictable, and the ""what do I do with it"" part actually doable. #WholeGrains #MealPrepBasics #HealthyCarbs #PantryUpgrade #CookingGuide",https://www.daily-life-hacks.com/amaranth-millet-teff-beginner-cooking-guide?utm_content=v1,Gut Health Tips and Nutrition Charts,Small bowls of cooked amaranth millet and teff with a spoon on a kitchen counter
amaranth-millet-teff-beginner-cooking-guide_v2.jpg,https://www.daily-life-hacks.com/images/pins/amaranth-millet-teff-beginner-cooking-guide_v2.jpg,"Amaranth, Millet, and Teff: A Beginner Guide to Cooking Whole Grains","If your pantry is stuck on rice and oats, you are missing out. This beginner guide to cooking amaranth, millet, and teff makes the ratios simple, the texture predictable, and the ""what do I do with it"" part actually doable. #WholeGrains #MealPrepBasics #HealthyCarbs #PantryUpgrade #CookingGuide",https://www.daily-life-hacks.com/amaranth-millet-teff-beginner-cooking-guide?utm_content=v2,Gut Health Tips and Nutrition Charts,Small bowls of cooked amaranth millet and teff with a spoon on a kitchen counter
amaranth-millet-teff-beginner-cooking-guide_v3.jpg,https://www.daily-life-hacks.com/images/pins/amaranth-millet-teff-beginner-cooking-guide_v3.jpg,"Amaranth, Millet, and Teff: A Beginner Guide to Cooking Whole Grains","If your pantry is stuck on rice and oats, you are missing out. This beginner guide to cooking amaranth, millet, and teff makes the ratios simple, the texture predictable, and the ""what do I do with it"" part actually doable. #WholeGrains #MealPrepBasics #HealthyCarbs #PantryUpgrade #CookingGuide",https://www.daily-life-hacks.com/amaranth-millet-teff-beginner-cooking-guide?utm_content=v3,Gut Health Tips and Nutrition Charts,Small bowls of cooked amaranth millet and teff with a spoon on a kitchen counter
amaranth-millet-teff-beginner-cooking-guide_v4.jpg,https://www.daily-life-hacks.com/images/pins/amaranth-millet-teff-beginner-cooking-guide_v4.jpg,"Amaranth, Millet, and Teff: A Beginner Guide to Cooking Whole Grains","If your pantry is stuck on rice and oats, you are missing out. This beginner guide to cooking amaranth, millet, and teff makes the ratios simple, the texture predictable, and the ""what do I do with it"" part actually doable. #WholeGrains #MealPrepBasics #HealthyCarbs #PantryUpgrade #CookingGuide",https://www.daily-life-hacks.com/amaranth-millet-teff-beginner-cooking-guide?utm_content=v4,Gut Health Tips and Nutrition Charts,Small bowls of cooked amaranth millet and teff with a spoon on a kitchen counter
amaranth-millet-teff-beginner-cooking-guide_v5.jpg,https://www.daily-life-hacks.com/images/pins/amaranth-millet-teff-beginner-cooking-guide_v5.jpg,"Amaranth, Millet, and Teff: A Beginner Guide to Cooking Whole Grains","If your pantry is stuck on rice and oats, you are missing out. This beginner guide to cooking amaranth, millet, and teff makes the ratios simple, the texture predictable, and the ""what do I do with it"" part actually doable. #WholeGrains #MealPrepBasics #HealthyCarbs #PantryUpgrade #CookingGuide",https://www.daily-life-hacks.com/amaranth-millet-teff-beginner-cooking-guide?utm_content=v5,Gut Health Tips and Nutrition Charts,Small bowls of cooked amaranth millet and teff with a spoon on a kitchen counter
baked-cod-lemon-capers-green-beans_v1.jpg,https://www.daily-life-hacks.com/images/pins/baked-cod-lemon-capers-green-beans_v1.jpg,"Baked Cod With Lemon, Capers, and Green Beans (15-Min Prep)","This baked cod with lemon capers and green beans is a bright, easy dinner that cooks on one pan. It tastes fancy but takes almost no effort to throw together. #BakedCodRecipe #LemonCaperSauce #QuickFishDinner #WeeknightMeals #EasySeafood",https://www.daily-life-hacks.com/baked-cod-lemon-capers-green-beans?utm_content=v1,High Fiber Dinner and Gut Health Recipes,Baked cod fillets with lemon slices capers and green beans on a baking sheet
baked-cod-lemon-capers-green-beans_v2.jpg,https://www.daily-life-hacks.com/images/pins/baked-cod-lemon-capers-green-beans_v2.jpg,"Baked Cod With Lemon, Capers, and Green Beans (15-Min Prep)","This baked cod with lemon capers and green beans is a bright, easy dinner that cooks on one pan. It tastes fancy but takes almost no effort to throw together. #BakedCodRecipe #LemonCaperSauce #QuickFishDinner #WeeknightMeals #EasySeafood",https://www.daily-life-hacks.com/baked-cod-lemon-capers-green-beans?utm_content=v2,High Fiber Dinner and Gut Health Recipes,Baked cod fillets with lemon slices capers and green beans on a baking sheet
baked-cod-lemon-capers-green-beans_v3.jpg,https://www.daily-life-hacks.com/images/pins/baked-cod-lemon-capers-green-beans_v3.jpg,"Baked Cod With Lemon, Capers, and Green Beans (15-Min Prep)","This baked cod with lemon capers and green beans is a bright, easy dinner that cooks on one pan. It tastes fancy but takes almost no effort to throw together. #BakedCodRecipe #LemonCaperSauce #QuickFishDinner #WeeknightMeals #EasySeafood",https://www.daily-life-hacks.com/baked-cod-lemon-capers-green-beans?utm_content=v3,High Fiber Dinner and Gut Health Recipes,Baked cod fillets with lemon slices capers and green beans on a baking sheet
baked-cod-lemon-capers-green-beans_v4.jpg,https://www.daily-life-hacks.com/images/pins/baked-cod-lemon-capers-green-beans_v4.jpg,"Baked Cod With Lemon, Capers, and Green Beans (15-Min Prep)","This baked cod with lemon capers and green beans is a bright, easy dinner that cooks on one pan. It tastes fancy but takes almost no effort to throw together. #BakedCodRecipe #LemonCaperSauce #QuickFishDinner #WeeknightMeals #EasySeafood",https://www.daily-life-hacks.com/baked-cod-lemon-capers-green-beans?utm_content=v4,High Fiber Dinner and Gut Health Recipes,Baked cod fillets with lemon slices capers and green beans on a baking sheet
baked-cod-lemon-capers-green-beans_v5.jpg,https://www.daily-life-hacks.com/images/pins/baked-cod-lemon-capers-green-beans_v5.jpg,"Baked Cod With Lemon, Capers, and Green Beans (15-Min Prep)","This baked cod with lemon capers and green beans is a bright, easy dinner that cooks on one pan. It tastes fancy but takes almost no effort to throw together. #BakedCodRecipe #LemonCaperSauce #QuickFishDinner #WeeknightMeals #EasySeafood",https://www.daily-life-hacks.com/baked-cod-lemon-capers-green-beans?utm_content=v5,High Fiber Dinner and Gut Health Recipes,Baked cod fillets with lemon slices capers and green beans on a baking sheet
high-fiber-gluten-free-bread-recipe_v1.jpg,https://www.daily-life-hacks.com/images/pins/high-fiber-gluten-free-bread-recipe_v1.jpg,High Fiber Gluten Free Bread Recipe,"Finally, GF bread that isn't cardboard! Soft, high-fiber gluten-free bread recipe using psyllium and sorghum flour. #GlutenFree #HighFiber #HealthyBaking #CeliacFriendly #GutHealth",https://www.daily-life-hacks.com/high-fiber-gluten-free-bread-recipe?utm_content=v1,High Fiber Dinner and Gut Health Recipes,High Fiber Gluten Free Bread Recipe - fresh sliced bread with whole grain bread for natural nutrition
high-fiber-gluten-free-bread-recipe_v2.jpg,https://www.daily-life-hacks.com/images/pins/high-fiber-gluten-free-bread-recipe_v2.jpg,High Fiber Gluten Free Bread Recipe,"Finally, GF bread that isn't cardboard! Soft, high-fiber gluten-free bread recipe using psyllium and sorghum flour. #GlutenFree #HighFiber #HealthyBaking #CeliacFriendly #GutHealth",https://www.daily-life-hacks.com/high-fiber-gluten-free-bread-recipe?utm_content=v2,High Fiber Dinner and Gut Health Recipes,High Fiber Gluten Free Bread Recipe - fresh sliced bread with whole grain bread for natural nutrition
high-fiber-gluten-free-bread-recipe_v3.jpg,https://www.daily-life-hacks.com/images/pins/high-fiber-gluten-free-bread-recipe_v3.jpg,High Fiber Gluten Free Bread Recipe,"Finally, GF bread that isn't cardboard! Soft, high-fiber gluten-free bread recipe using psyllium and sorghum flour. #GlutenFree #HighFiber #HealthyBaking #CeliacFriendly #GutHealth",https://www.daily-life-hacks.com/high-fiber-gluten-free-bread-recipe?utm_content=v3,High Fiber Dinner and Gut Health Recipes,High Fiber Gluten Free Bread Recipe - fresh sliced bread with whole grain bread for natural nutrition
high-fiber-gluten-free-bread-recipe_v4.jpg,https://www.daily-life-hacks.com/images/pins/high-fiber-gluten-free-bread-recipe_v4.jpg,High Fiber Gluten Free Bread Recipe,"Finally, GF bread that isn't cardboard! Soft, high-fiber gluten-free bread recipe using psyllium and sorghum flour. #GlutenFree #HighFiber #HealthyBaking #CeliacFriendly #GutHealth",https://www.daily-life-hacks.com/high-fiber-gluten-free-bread-recipe?utm_content=v4,High Fiber Dinner and Gut Health Recipes,High Fiber Gluten Free Bread Recipe - fresh sliced bread with whole grain bread for natural nutrition
high-fiber-gluten-free-bread-recipe_v5.jpg,https://www.daily-life-hacks.com/images/pins/high-fiber-gluten-free-bread-recipe_v5.jpg,High Fiber Gluten Free Bread Recipe,"Finally, GF bread that isn't cardboard! Soft, high-fiber gluten-free bread recipe using psyllium and sorghum flour. #GlutenFree #HighFiber #HealthyBaking #CeliacFriendly #GutHealth",https://www.daily-life-hacks.com/high-fiber-gluten-free-bread-recipe?utm_content=v5,High Fiber Dinner and Gut Health Recipes,High Fiber Gluten Free Bread Recipe - fresh sliced bread with whole grain bread for natural nutrition
high-fiber-burrito-bowl-meal-prep_v1.jpg,https://www.daily-life-hacks.com/images/pins/high-fiber-burrito-bowl-meal-prep_v1.jpg,High Fiber Burrito Bowl Meal Prep,"Chipotle at home! High Fiber Burrito Bowls with brown rice, black beans, corn and salsa. Save money and calories. #BurritoBowl #HealthyMexican #HighFiber #MealPrepSunday #WeightLoss",https://www.daily-life-hacks.com/high-fiber-burrito-bowl-meal-prep?utm_content=v1,High Fiber Dinner and Gut Health Recipes,High Fiber Burrito Bowl Meal Prep - appetizing bowl with colorful ingredients with beans for natural nutrition
high-fiber-burrito-bowl-meal-prep_v2.jpg,https://www.daily-life-hacks.com/images/pins/high-fiber-burrito-bowl-meal-prep_v2.jpg,High Fiber Burrito Bowl Meal Prep,"Chipotle at home! High Fiber Burrito Bowls with brown rice, black beans, corn and salsa. Save money and calories. #BurritoBowl #HealthyMexican #HighFiber #MealPrepSunday #WeightLoss",https://www.daily-life-hacks.com/high-fiber-burrito-bowl-meal-prep?utm_content=v2,High Fiber Dinner and Gut Health Recipes,High Fiber Burrito Bowl Meal Prep - appetizing bowl with colorful ingredients with beans for natural nutrition
high-fiber-burrito-bowl-meal-prep_v3.jpg,https://www.daily-life-hacks.com/images/pins/high-fiber-burrito-bowl-meal-prep_v3.jpg,High Fiber Burrito Bowl Meal Prep,"Chipotle at home! High Fiber Burrito Bowls with brown rice, black beans, corn and salsa. Save money and calories. #BurritoBowl #HealthyMexican #HighFiber #MealPrepSunday #WeightLoss",https://www.daily-life-hacks.com/high-fiber-burrito-bowl-meal-prep?utm_content=v3,High Fiber Dinner and Gut Health Recipes,High Fiber Burrito Bowl Meal Prep - appetizing bowl with colorful ingredients with beans for natural nutrition
high-fiber-burrito-bowl-meal-prep_v4.jpg,https://www.daily-life-hacks.com/images/pins/high-fiber-burrito-bowl-meal-prep_v4.jpg,High Fiber Burrito Bowl Meal Prep,"Chipotle at home! High Fiber Burrito Bowls with brown rice, black beans, corn and salsa. Save money and calories. #BurritoBowl #HealthyMexican #HighFiber #MealPrepSunday #WeightLoss",https://www.daily-life-hacks.com/high-fiber-burrito-bowl-meal-prep?utm_content=v4,High Fiber Dinner and Gut Health Recipes,High Fiber Burrito Bowl Meal Prep - appetizing bowl with colorful ingredients with beans for natural nutrition
high-fiber-burrito-bowl-meal-prep_v5.jpg,https://www.daily-life-hacks.com/images/pins/high-fiber-burrito-bowl-meal-prep_v5.jpg,High Fiber Burrito Bowl Meal Prep,"Chipotle at home! High Fiber Burrito Bowls with brown rice, black beans, corn and salsa. Save money and calories. #BurritoBowl #HealthyMexican #HighFiber #MealPrepSunday #WeightLoss",https://www.daily-life-hacks.com/high-fiber-burrito-bowl-meal-prep?utm_content=v5,High Fiber Dinner and Gut Health Recipes,High Fiber Burrito Bowl Meal Prep - appetizing bowl with colorful ingredients with beans for natural nutrition
lentil-curry-high-fiber-vegan-dinner_v1.jpg,https://www.daily-life-hacks.com/images/pins/lentil-curry-high-fiber-vegan-dinner_v1.jpg,Lentil Curry High Fiber Vegan Dinner,Spicy and Satisfying. Creamy Coconut Lentil Curry recipe. A fiber bomb that tastes amazing. #VeganCurry #Lentils #HighFiber #DinnerIdeas #PlantBasedProtein,https://www.daily-life-hacks.com/lentil-curry-high-fiber-vegan-dinner?utm_content=v1,High Fiber Dinner and Gut Health Recipes,Lentil Curry High Fiber Vegan Dinner - appetizing bowl with colorful ingredients for natural nutrition
lentil-curry-high-fiber-vegan-dinner_v2.jpg,https://www.daily-life-hacks.com/images/pins/lentil-curry-high-fiber-vegan-dinner_v2.jpg,Lentil Curry High Fiber Vegan Dinner,Spicy and Satisfying. Creamy Coconut Lentil Curry recipe. A fiber bomb that tastes amazing. #VeganCurry #Lentils #HighFiber #DinnerIdeas #PlantBasedProtein,https://www.daily-life-hacks.com/lentil-curry-high-fiber-vegan-dinner?utm_content=v2,High Fiber Dinner and Gut Health Recipes,Lentil Curry High Fiber Vegan Dinner - appetizing bowl with colorful ingredients for natural nutrition
lentil-curry-high-fiber-vegan-dinner_v3.jpg,https://www.daily-life-hacks.com/images/pins/lentil-curry-high-fiber-vegan-dinner_v3.jpg,Lentil Curry High Fiber Vegan Dinner,Spicy and Satisfying. Creamy Coconut Lentil Curry recipe. A fiber bomb that tastes amazing. #VeganCurry #Lentils #HighFiber #DinnerIdeas #PlantBasedProtein,https://www.daily-life-hacks.com/lentil-curry-high-fiber-vegan-dinner?utm_content=v3,High Fiber Dinner and Gut Health Recipes,Lentil Curry High Fiber Vegan Dinner - appetizing bowl with colorful ingredients for natural nutrition
lentil-curry-high-fiber-vegan-dinner_v4.jpg,https://www.daily-life-hacks.com/images/pins/lentil-curry-high-fiber-vegan-dinner_v4.jpg,Lentil Curry High Fiber Vegan Dinner,Spicy and Satisfying. Creamy Coconut Lentil Curry recipe. A fiber bomb that tastes amazing. #VeganCurry #Lentils #HighFiber #DinnerIdeas #PlantBasedProtein,https://www.daily-life-hacks.com/lentil-curry-high-fiber-vegan-dinner?utm_content=v4,High Fiber Dinner and Gut Health Recipes,Lentil Curry High Fiber Vegan Dinner - appetizing bowl with colorful ingredients for natural nutrition
lentil-curry-high-fiber-vegan-dinner_v5.jpg,https://www.daily-life-hacks.com/images/pins/lentil-curry-high-fiber-vegan-dinner_v5.jpg,Lentil Curry High Fiber Vegan Dinner,Spicy and Satisfying. Creamy Coconut Lentil Curry recipe. A fiber bomb that tastes amazing. #VeganCurry #Lentils #HighFiber #DinnerIdeas #PlantBasedProtein,https://www.daily-life-hacks.com/lentil-curry-high-fiber-vegan-dinner?utm_content=v5,High Fiber Dinner and Gut Health Recipes,Lentil Curry High Fiber Vegan Dinner - appetizing bowl with colorful ingredients for natural nutrition
